﻿PLAYER_ID,TEAM_ID,JERSEY_NUMBER,POSITION,HEIGHT,WEIGHT,FOOT
ply510,16,6,Defender,184,78,R
ply511,16,2,Defender,182,78,R
ply512,16,15,Defender,190,84,R
ply513,16,24,Defender,190,84,R
ply514,16,45,Midfielder,186,81,L
ply515,16,44,Midfielder,178,70,R
ply516,16,43,Midfielder,,,
ply517,16,17,Midfielder,184,82,L
ply518,16,5,Midfielder,186,75,R
ply519,16,8,Midfielder,183,84,R
ply520,16,20,Midfielder,179,65,R
ply521,16,32,Midfielder,180,75,R
ply522,16,10,Midfielder,191,84,
ply523,16,25,Midfielder,191,80,L
ply524,16,33,Forward,177,68,R
ply525,16,7,Forward,175,70,R
ply526,16,40,Forward,185,74,R
ply527,16,22,Forward,180,75,L
ply528,16,21,Forward,182,71,R
ply529,16,18,Forward,182,72,R
ply530,16,14,Forward,186,78,L
ply531,16,30,Forward,176,71,L
ply532,16,9,Forward,190,75,L
ply533,17,30,Goalkeeper,192,78,R
ply534,17,16,Goalkeeper,188,85,R
ply535,17,1,Goalkeeper,188,82,R
ply536,17,4,Defender,192,90,R
ply537,17,18,Defender,185,82,R
ply538,17,5,Defender,181,74,L
ply539,17,31,Defender,177,82,L
ply540,17,6,Defender,191,81,R
ply541,17,3,Defender,190,82,R
ply542,17,15,Defender,,,R
ply543,17,13,Defender,173,70,R
ply544,17,21,Midfielder,180,68,R
ply545,17,28,Midfielder,188,84,R
ply546,17,35,Midfielder,,,L
ply547,17,17,Midfielder,171,68,R
ply548,17,20,Midfielder,168,56,R
ply549,17,8,Midfielder,184,77,R
ply550,17,12,Midfielder,179,62,L
ply551,17,7,Forward,175,67,R
ply552,17,27,Forward,188,76,R
ply553,17,9,Forward,180,70,
ply554,17,39,Forward,176,66,R
ply555,17,19,Forward,177,70,L
ply556,17,11,Forward,172,65,L
ply557,17,26,Forward,175,65,R
ply558,17,22,Forward,183,66,R
ply559,17,23,Forward,181,72,L
ply560,18,13,Goalkeeper,190,89,R
ply561,18,1,Goalkeeper,191,88,R
ply562,,,Goalkeeper,190,,L
ply563,18,62,Goalkeeper,188,74,R
ply564,18,66,Defender,180,69,R
ply565,18,43,Defender,185,,
ply566,18,88,Defender,181,,L
ply567,18,2,Defender,188,77,R
ply568,18,5,Defender,194,95,R
ply569,18,32,Defender,195,89,R
ply570,18,47,Defender,190,84,R
ply571,18,22,Defender,177,68,R
ply572,18,26,Defender,178,64,L
ply573,18,21,Defender,179,70,L
ply574,18,4,Defender,193,92,R
ply575,18,29,Midfielder,171,73,R
ply576,18,19,Midfielder,170,67,L
ply577,18,3,Midfielder,188,78,R
ply578,18,14,Midfielder,187,80,R
ply579,18,17,Midfielder,185,75,R
ply580,18,8,Midfielder,172,64,R
ply581,18,7,Midfielder,175,70,R
ply582,18,15,Midfielder,175,70,R
ply583,18,6,Midfielder,174,70,R
ply584,18,50,Forward,178,,R
ply585,18,23,Forward,180,73,R
ply586,18,20,Forward,178,70,R
ply587,18,28,Forward,170,63,R
ply588,18,27,Forward,187,80,R
ply589,18,9,Forward,181,76,R
ply590,18,11,Forward,175,73,L
ply591,18,,Goalkeeping,189,90,
ply592,18,,Goalkeeping,182,80,
ply593,18,,Goalkeeping,,,
ply594,18,,Fitness,,,
ply595,18,,Fitness,,,
ply596,18,,Fitness,,,
ply597,18,,Fitness,183,75,R
ply598,18,,Rehab,,,
ply599,18,,Rehab,,,
ply600,18,,Physical,,,
ply601,18,,Individual,,,
ply602,18,,Technique,,,
ply603,18,,Special,,,
ply604,18,,Game,,,
ply605,18,,Game,,,
ply606,18,,Game,,,
ply607,19,39,Goalkeeper,186,76,
ply608,19,27,Goalkeeper,192,94,R
ply609,,,Goalkeeper,194,97,R
ply610,,1,Goalkeeper,191,84,
ply611,19,42,Defender,,,
ply612,19,14,Defender,186,82,R
ply613,19,23,Defender,190,89,R
ply614,19,21,Defender,186,81,R
ply615,19,3,Defender,187,72,L
ply616,19,4,Defender,183,77,L
ply617,19,24,Defender,185,82,R
ply618,19,13,Defender,180,78,L
ply619,19,44,Midfielder,,,
ply620,19,32,Midfielder,186,81,R
ply621,19,10,Midfielder,175,68,R
ply622,,,Midfielder,176,72,
ply623,19,31,Midfielder,187,63,
ply624,19,6,Midfielder,170,67,
ply625,19,40,Midfielder,190,79,R
ply626,19,8,Midfielder,178,70,R
ply627,19,7,Midfielder,178,71,R
ply628,19,5,Midfielder,185,76,
ply629,19,36,Midfielder,182,,L
ply630,19,25,Midfielder,191,84,R
ply631,19,20,Midfielder,174,72,L
ply632,19,33,Forward,180,72,
ply633,19,15,Forward,178,69,R
ply634,19,41,Forward,,,
ply635,19,9,Forward,189,83,R
ply636,19,22,Forward,190,83,
ply637,,,Forward,192,78,R
ply638,19,,Goalkeeping,184,89,
ply639,20,33,Goalkeeper,188,86,R
ply640,20,31,Goalkeeper,188,86,L
ply641,20,18,Goalkeeper,185,88,R
ply642,20,25,Defender,187,91,R
ply643,20,6,Defender,180,75,L
ply644,20,7,Defender,182,74,R
ply645,20,14,Defender,190,87,L
ply646,,,Defender,,,R
ply647,20,22,Defender,185,85,L
ply648,20,3,Defender,187,82,R
ply649,20,5,Defender,188,70,R
ply650,20,2,Defender,183,83,R
ply651,20,97,Defender,176,63,L
ply652,20,20,Midfielder,173,64,L
ply653,20,17,Midfielder,181,70,R
ply654,20,47,Midfielder,171,70,L
ply655,20,10,Midfielder,175,68,R
ply656,20,8,Midfielder,180,79,R
ply657,20,80,Midfielder,189,72,L
ply658,20,4,Midfielder,178,72,R
ply659,20,16,Midfielder,191,82,R
ply660,20,21,Midfielder,171,68,L
ply661,20,19,Forward,170,71,R
ply662,20,9,Forward,194,88,L
ply663,,,Forward,170,59,L
ply664,20,26,Forward,179,67,L
ply665,20,,Goalkeeping,189,87,
ply666,20,,Goalkeeping,182,82,
ply667,20,,Fitness,,,
ply668,20,,Game,,,
ply669,20,,Video,,,
ply670,20,,Chief,,,
ply671,21,,08/2022,,,
ply672,21,1,Goalkeeper,192,82,R
ply673,21,31,Goalkeeper,191,83,R
ply674,21,22,Goalkeeper,188,85,R
ply675,21,50,Goalkeeper,198,76,R
ply676,21,20,Defender,184,77,R
ply677,21,80,Defender,,,R
ply678,21,4,Defender,185,71,R
ply679,21,2,Defender,187,82,R
ply680,21,5,Defender,194,99,R
ply681,21,12,Defender,175,67,L
ply682,21,6,Defender,175,77,L
ply683,21,43,Defender,183,78,R
ply684,21,23,Defender,178,75,L
ply685,21,38,Defender,186,81,R
ply686,21,19,Defender,191,81,R
ply687,21,29,Defender,183,72,R
ply688,21,33,Defender,172,63,R
ply689,21,8,Midfielder,179,69,R
ply690,21,18,Midfielder,185,84,R
ply691,21,14,Midfielder,182,76,
ply692,21,17,Midfielder,169,62,L
ply693,,,Midfielder,181,65,R
ply694,21,39,Midfielder,193,88,R
ply695,21,28,Midfielder,174,65,R
ply696,21,34,Midfielder,184,76,R
ply697,21,49,Forward,180,80,R
ply698,21,21,Forward,172,63,L
ply699,21,7,Forward,187,83,
ply700,21,36,Forward,178,65,R
ply701,21,11,Forward,181,70,
ply702,21,9,Forward,181,76,R
ply703,,,Forward,182,70,R
ply704,21,10,Forward,185,70,R
ply705,21,25,Forward,180,76,R
ply706,,,Forward,171,66,R
ply707,21,,Goalkeeping,,,
ply708,21,,Goalkeeping,188,84,
ply709,21,,Athletic,,,
ply710,21,,Physical,173,73,
ply711,21,,Individual,,,
ply712,21,,Game,,,
ply713,21,,Game,,,
ply714,21,,Video,,,
ply715,21,,Video,,,
ply716,21,,Video,,,
ply717,21,,Chief,,,
ply718,22,99,Goalkeeper,196,90,R
ply719,22,90,Goalkeeper,193,93,R
ply720,22,1,Goalkeeper,185,80,R
ply721,22,16,Goalkeeper,195,90,R
ply722,22,31,Defender,196,95,L
ply723,22,2,Defender,181,73,R
ply724,22,14,Defender,170,67,L
ply725,22,3,Defender,189,80,L
ply726,22,5,Defender,183,75,R
ply727,22,26,Defender,187,84,R
ply728,22,25,Defender,184,72,L
ply729,22,4,Defender,184,82,R
ply730,22,28,Midfielder,180,76,R
ply731,22,15,Midfielder,188,83,R
ply732,22,8,Midfielder,189,70,L
ply733,22,19,Midfielder,174,70,L
ply734,22,18,Midfielder,176,70,R
ply735,22,6,Midfielder,165,60,R
ply736,22,17,Midfielder,172,64,R
ply737,22,33,Midfielder,178,,R
ply738,22,44,Forward,189,75,R
ply739,22,7,Forward,178,73,R
ply740,22,30,Forward,170,72,L
ply741,22,10,Forward,175,68,R
ply742,22,,Goalkeeping,,,
ply743,23,21,Goalkeeper,193,88,R
ply744,23,1,Goalkeeper,191,86,R
ply745,23,34,Goalkeeper,,,
ply746,23,,Goalkeeper,,,
ply747,23,25,Defender,184,,
ply748,23,37,Defender,186,79,L
ply749,23,32,Defender,185,82,L
ply750,23,23,Defender,188,87,L
ply751,23,39,Defender,183,79,R
ply752,23,16,Defender,187,88,R
ply753,23,4,Defender,186,87,R
ply754,23,22,Defender,180,75,L
ply755,23,2,Defender,187,82,R
ply756,23,7,Midfielder,179,72,R
ply757,23,10,Midfielder,177,76,R
ply758,23,8,Midfielder,175,72,R
ply759,23,44,Midfielder,178,66,R
ply760,23,27,Midfielder,180,72,R
ply761,23,24,Midfielder,174,76,L
ply762,23,17,Midfielder,186,74,R
ply763,23,19,Forward,185,84,R
ply764,23,38,Forward,182,70,R
ply765,23,18,Forward,175,73,R
ply766,23,9,Forward,192,84,R
ply767,23,11,Forward,181,75,R
ply768,23,,Goalkeeping,190,88,
ply769,23,,Goalkeeping,196,100,R
ply770,23,,Athletic,,,
ply771,23,,Athletic,,,
ply772,23,,Athletic,,,
ply773,23,,Game,,,
ply774,23,,Chief,,,
ply775,23,,02/2022,,,
ply776,24,18,Goalkeeper,191,75,R
ply777,24,1,Goalkeeper,193,88,
ply778,24,40,Goalkeeper,189,,R
ply779,24,33,Goalkeeper,189,88,R
ply780,24,6,Defender,187,,R
ply781,24,95,Defender,186,76,L
ply782,24,70,Defender,180,70,R
ply783,24,3,Defender,187,77,
ply784,24,31,Defender,194,84,L
ply785,24,4,Defender,191,83,R
ply786,24,22,Defender,192,81,R
ply787,24,17,Defender,175,73,L
ply788,24,2,Defender,187,71,R
ply789,24,39,Defender,188,76,L
ply790,24,10,Midfielder,177,74,L
ply791,24,7,Midfielder,177,73,R
ply792,24,,Midfielder,187,87,
ply793,24,15,Midfielder,176,,R
ply794,24,24,Midfielder,178,79,R
ply795,24,27,Midfielder,185,78,R
ply796,24,8,Midfielder,181,,R
ply797,24,14,Midfielder,186,70,R
ply798,24,36,Midfielder,,,
ply799,24,13,Midfielder,179,70,R
ply800,24,21,Midfielder,185,71,L
ply801,24,44,Midfielder,170,63,R
ply802,24,9,Forward,182,79,R
ply803,24,11,Forward,176,72,R
ply804,24,20,Forward,173,66,L
ply805,24,14,Forward,,,
ply806,24,77,Forward,185,85,R
ply807,24,30,Forward,193,77,R
ply808,24,23,Forward,190,,R
ply809,24,,Goalkeeping,195,90,R
ply810,24,,Athletic,,,
ply811,25,1,Goalkeeper,200,96,L
ply812,25,38,Goalkeeper,183,69,
ply813,25,30,Goalkeeper,187,81,R
ply814,25,26,Goalkeeper,193,84,L
ply815,25,13,Goalkeeper,191,84,R
ply816,25,4,Defender,180,78,L
ply817,25,16,Defender,176,66,R
ply818,25,2,Defender,173,74,R
ply819,25,3,Defender,186,78,R
ply820,25,5,Defender,184,79,R
ply821,25,23,Defender,180,73,L
ply822,25,6,Defender,180,76,R
ply823,,3,Defender,191,76,R
ply824,25,22,Defender,190,85,R
ply825,25,12,Midfielder,182,68,L
ply826,25,19,Midfielder,179,71,R
ply827,25,8,Midfielder,183,76,R
ply828,25,10,Midfielder,172,66,
ply829,25,18,Midfielder,188,81,R
ply830,25,15,Midfielder,182,78,R
ply831,25,9,Forward,185,81,R
ply832,25,7,Forward,175,74,R
ply833,25,17,Forward,173,71,R
ply834,25,11,Forward,182,76,L
ply835,25,24,Forward,180,76,R
ply836,25,21,Forward,174,64,R
ply837,25,20,Forward,176,73,R
ply838,25,,Goalkeeping,,,
ply839,25,,Athletic,,,
ply840,26,31,Goalkeeper,186,,
ply841,26,13,Goalkeeper,192,78,L
ply842,26,1,Goalkeeper,189,94,L
ply843,26,19,Defender,172,69,L
ply844,26,3,Defender,181,71,L
ply845,26,16,Defender,172,60,R
ply846,26,30,Defender,184,80,R
ply847,26,29,Defender,186,,L
ply848,26,23,Defender,185,80,L
ply849,26,2,Defender,176,70,R
ply850,26,14,Defender,191,85,R
ply851,26,26,Defender,174,70,L
ply852,26,4,Defender,186,84,L
ply853,26,18,Midfielder,182,79,L
ply854,26,20,Midfielder,183,70,R
ply1,1,91,Goalkeeper,188,78,L
ply2,1,96,Goalkeeper,195,82,R
ply3,1,16,Goalkeeper,191,80,R
ply4,1,83,Goalkeeper,193,79,R
ply5,1,92,Goalkeeper,189,70,R
ply6,1,1,Goalkeeper,198,90,R
ply7,1,5,Defender,182,70,L
ply8,1,2,Defender,177,77,R
ply9,1,21,Defender,175,62,R
ply10,1,25,Defender,173,67,R
ply11,1,46,Defender,186,78,R
ply12,1,19,Defender,184,81,L
ply13,1,20,Defender,179,69,R
ply14,1,24,Defender,191,82,R
ply15,1,28,Defender,194,80,
ply16,1,23,Defender,184,78,R
ply17,1,7,Midfielder,186,73,R
ply18,1,14,Midfielder,189,77,R
ply19,1,4,Midfielder,175,70,L
ply20,1,10,Midfielder,171,68,
ply21,1,90,Midfielder,192,74,L
ply22,1,33,Midfielder,184,74,R
ply23,1,32,Midfielder,188,75,
ply24,1,8,Midfielder,181,79,R
ply25,1,40,Midfielder,183,78,R
ply26,1,9,Forward,193,91,L
ply27,1,11,Forward,195,95,
ply28,1,22,Forward,190,79,R
ply29,1,30,Forward,174,70,L
ply30,1,27,Forward,185,75,R
ply31,1,17,Forward,188,81,R
ply32,1,12,Forward,185,78,R
ply33,1,56,Forward,180,72,R
ply34,2,16,Goalkeeper,190,,R
ply35,2,22,Goalkeeper,187,88,R
ply36,2,1,Goalkeeper,197,84,R
ply37,2,25,Defender,182,71,L
ply38,2,3,Defender,185,76,L
ply39,2,17,Defender,180,72,L
ply40,2,13,Defender,190,72,L
ply41,2,29,Defender,185,79,R
ply42,2,39,Defender,183,72,L
ply43,2,26,Defender,177,,R
ply44,2,15,Defender,179,,
ply45,2,19,Defender,175,71,R
ply46,2,2,Defender,179,62,R
ply47,2,5,Defender,176,65,L
ply48,2,4,Midfielder,187,72,R
ply49,2,23,Midfielder,182,75,L
ply50,2,28,Midfielder,,,R
ply51,2,21,Midfielder,187,77,R
ply52,2,6,Midfielder,179,70,R
ply53,2,8,Midfielder,182,66,L
ply54,2,7,Forward,178,69,R
ply55,2,9,Forward,180,72,R
ply56,2,35,Forward,170,60,L
ply57,2,20,Forward,177,70,L
ply58,2,18,Forward,201,80,R
ply59,2,11,Forward,187,84,
ply60,2,10,Forward,181,76,L
ply61,2,,Goalkeeping,183,81,
ply62,3,47,Goalkeeper,188,,R
ply63,3,1,Goalkeeper,191,93,R
ply64,3,31,Goalkeeper,193,83,R
ply65,3,57,Goalkeeper,192,87,R
ply66,3,28,Defender,192,87,R
ply67,3,19,Defender,191,83,R
ply68,3,33,Defender,187,74,R
ply69,3,3,Defender,185,79,R
ply70,3,5,Defender,189,72,R
ply71,3,6,Defender,188,87,L
ply72,3,22,Defender,187,69,L
ply73,3,42,Defender,194,76,R
ply74,3,93,Defender,181,80,R
ply75,3,2,Defender,185,75,R
ply76,3,77,Defender,182,70,R
ply77,3,15,Midfielder,185,76,R
ply78,3,13,Midfielder,185,86,R
ply79,3,7,Midfielder,184,77,L
ply80,3,18,Midfielder,181,79,L
ply81,3,88,Midfielder,189,82,R
ply82,3,21,Midfielder,176,65,R
ply83,3,10,Forward,174,68,R
ply84,3,17,Forward,185,,L
ply85,3,11,Forward,174,71,R
ply86,3,9,Forward,179,75,R
ply87,3,91,Forward,189,88,R
ply88,,13,Goalkeeper,188,80,L
ply89,4,1,Goalkeeper,195,83,R
ply90,4,13,Goalkeeper,188,87,R
ply91,4,51,Goalkeeper,,,
ply92,4,48,Defender,183,77,L
ply93,4,,Defender,177,72,R
ply94,4,18,Defender,190,84,R
ply95,4,38,Defender,190,,R
ply96,4,2,Defender,185,80,R
ply97,4,47,Defender,180,75,
ply98,4,36,Defender,191,,R
ply99,4,22,Defender,184,76,L
ply100,4,16,Defender,175,72,R
ply101,4,3,Defender,178,68,L
ply102,4,23,Defender,180,73,L
ply103,4,15,Defender,187,80,R
ply104,4,30,Defender,180,75,R
ply105,4,20,Defender,186,81,R
ply106,4,32,Midfielder,,,
ply107,4,21,Midfielder,181,73,R
ply108,4,5,Midfielder,180,70,R
ply109,4,6,Midfielder,176,75,R
ply110,4,4,Midfielder,188,76,L
ply111,4,11,Midfielder,171,66,L
ply112,4,14,Midfielder,184,74,R
ply113,4,17,Midfielder,184,77,L
ply114,4,10,Forward,171,70,R
ply115,4,8,Forward,176,73,L
ply116,4,7,Forward,181,72,
ply117,4,9,Forward,184,75,R
ply118,4,19,Forward,187,82,R
ply119,4,,Goalkeeping,,,
ply120,4,,Athletic,,,
ply121,4,,Rehab,,,
ply122,5,1,Goalkeeper,193,92,R
ply123,5,35,Goalkeeper,191,,
ply124,5,26,Goalkeeper,192,87,R
ply125,5,19,Defender,185,77,L
ply126,5,4,Defender,189,89,R
ply127,5,21,Defender,184,79,L
ply128,5,40,Defender,183,78,R
ply129,5,5,Defender,186,81,R
ply130,5,20,Defender,178,71,R
ply131,5,44,Defender,186,77,
ply132,5,2,Defender,186,90,R
ply133,5,8,Midfielder,189,82,R
ply134,5,38,Midfielder,190,83,R
ply135,5,6,Midfielder,177,75,R
ply136,5,42,Midfielder,183,70,R
ply137,5,18,Midfielder,177,76,R
ply138,5,14,Midfielder,185,72,L
ply139,5,13,Forward,191,90,R
ply140,5,11,Forward,180,76,R
ply141,5,7,Forward,176,77,R
ply142,5,17,Forward,174,69,R
ply143,5,25,Forward,185,76,R
ply144,5,10,Forward,183,80,L
ply145,5,39,Forward,183,75,R
ply146,5,,Goalkeeping,185,83,
ply147,5,,Fitness,,,
ply148,5,,Fitness,,,
ply149,5,,Fitness,,,
ply150,5,,Rehab,,,
ply151,5,,Rehab,,,
ply152,5,,Game,,,
ply153,5,,Game,,,
ply154,5,,Game,,,
ply155,5,,Game,,,
ply156,5,,Game,,,
ply157,5,,Game,,,
ply158,5,,Chief,,,
ply159,5,,07/2021,,,R
ply160,6,74,Goalkeeper,,,
ply161,6,99,Goalkeeper,188,80,L
ply162,6,1,Goalkeeper,195,88,R
ply163,6,34,Goalkeeper,196,92,R
ply164,6,97,Goalkeeper,192,81,R
ply165,6,,Defender,180,71,R
ply166,6,,Defender,,,
ply167,6,25,Defender,179,70,L
ply168,6,77,Defender,178,73,L
ply169,6,4,Defender,185,76,L
ply170,6,2,Defender,175,70,R
ply171,6,26,Defender,188,80,L
ply172,6,,Defender,188,80,R
ply173,6,14,Defender,,,
ply174,6,23,Defender,181,81,R
ply175,6,33,Midfielder,174,,L
ply176,6,11,Midfielder,188,80,R
ply177,6,83,Midfielder,184,71,R
ply178,6,13,Midfielder,187,83,R
ply179,6,5,Midfielder,188,82,R
ply180,6,17,Midfielder,176,76,R
ply181,6,45,Midfielder,180,75,
ply182,6,68,Midfielder,,,
ply183,6,8,Midfielder,182,72,R
ply184,6,20,Midfielder,180,76,R
ply185,6,22,Midfielder,,,
ply186,6,30,Forward,183,74,R
ply187,6,18,Forward,182,70,L
ply188,6,40,Forward,180,77,R
ply189,6,7,Forward,172,68,R
ply190,6,,Forward,173,69,R
ply191,6,9,Forward,183,78,R
ply192,6,10,Forward,197,84,R
ply193,7,1,Goalkeeper,196,88,R
ply194,7,35,Goalkeeper,190,85,R
ply195,7,33,Goalkeeper,195,90,R
ply196,7,38,Goalkeeper,185,82,R
ply197,7,44,Defender,190,82,L
ply198,7,13,Defender,170,71,L
ply199,7,15,Defender,191,94,R
ply200,7,2,Defender,173,67,R
ply201,7,24,Defender,191,90,R
ply202,7,30,Defender,170,74,R
ply203,7,36,Defender,193,88,L
ply204,7,4,Defender,191,86,L
ply205,7,14,Defender,181,83,L
ply206,7,25,Defender,195,97,R
ply207,7,22,Midfielder,186,75,R
ply208,7,19,Midfielder,185,83,R
ply209,7,23,Midfielder,186,86,R
ply210,7,8,Midfielder,178,68,R
ply211,7,42,Midfielder,175,60,R
ply212,7,10,Midfielder,175,71,R
ply213,7,32,Midfielder,182,77,R
ply214,7,49,Midfielder,184,75,R
ply215,7,6,Midfielder,182,74,R
ply216,7,47,Midfielder,185,83,R
ply217,7,7,Midfielder,185,79,R
ply218,7,17,Midfielder,187,81,R
ply219,7,27,Forward,177,68,L
ply220,7,43,Forward,175,70,R
ply221,7,9,Forward,190,82,R
ply222,7,21,Forward,179,68,R
ply223,7,20,Forward,187,84,R
ply224,7,18,Forward,179,72,L
ply225,7,11,Forward,180,71,R
ply226,7,,Goalkeeping,188,85,
ply227,7,,Athletic,194,,
ply228,7,,Athletic,194,,
ply229,7,,Athletic,,,
ply230,7,,Athletic,,,
ply231,7,,Rehab,,,
ply232,7,,Rehab,,,
ply233,7,,Rehab,,,
ply234,7,,Special,188,80,R
ply235,7,,Game,,,
ply236,7,,Game,,,
ply237,7,,Video,182,81,
ply238,7,,Video,,,
ply239,7,,Chief,,,
ply240,7,,05/2020,182,82,
ply241,8,40,Goalkeeper,184,80,R
ply242,8,1,Goalkeeper,188,80,R
ply243,8,26,Goalkeeper,192,90,R
ply244,8,61,Goalkeeper,189,83,
ply245,8,4,Defender,194,90,
ply246,8,23,Defender,186,85,L
ply247,8,27,Defender,181,75,
ply248,8,13,Defender,191,80,R
ply249,8,21,Defender,183,82,L
ply250,8,30,Defender,186,73,R
ply251,8,28,Defender,182,73,R
ply252,8,24,Defender,181,75,R
ply253,8,5,Defender,194,88,L
ply254,8,14,Midfielder,179,73,R
ply255,,,Midfielder,172,68,
ply256,8,29,Midfielder,181,75,R
ply257,8,20,Midfielder,188,69,R
ply258,8,6,Midfielder,177,71,R
ply259,8,32,Midfielder,181,74,L
ply260,8,22,Midfielder,188,78,L
ply261,8,17,Midfielder,173,77,R
ply262,8,8,Midfielder,185,79,R
ply263,8,7,Midfielder,184,88,R
ply264,8,,Forward,,,
ply265,8,15,Forward,173,67,R
ply266,8,16,Forward,185,77,R
ply267,8,11,Forward,190,84,R
ply268,8,77,Forward,191,81,R
ply269,8,18,Forward,188,89,R
ply270,9,13,Goalkeeper,194,84,R
ply271,9,1,Goalkeeper,186,85,R
ply272,9,16,Goalkeeper,196,86,R
ply273,9,28,Defender,178,75,R
ply274,9,21,Defender,180,78,L
ply275,9,32,Defender,175,68,L
ply276,9,33,Defender,190,76,R
ply277,9,24,Defender,180,91,R
ply278,9,26,Defender,187,89,R
ply279,9,6,Defender,183,79,R
ply280,9,14,Midfielder,191,84,R
ply281,9,30,Midfielder,185,70,R
ply282,9,23,Midfielder,182,74,R
ply283,9,29,Midfielder,189,82,L
ply284,9,5,Midfielder,180,68,R
ply285,9,7,Midfielder,168,68,R
ply286,9,8,Midfielder,177,75,R
ply287,9,12,Midfielder,191,83,R
ply288,9,19,Midfielder,180,74,R
ply289,9,20,Midfielder,191,81,R
ply290,9,9,Forward,187,80,R
ply291,9,18,Forward,191,75,R
ply292,9,10,Forward,177,73,R
ply293,9,17,Forward,170,69,R
ply294,9,22,Forward,181,70,L
ply295,9,,Goalkeeping,189,85,
ply296,9,,Goalkeeping,184,78,
ply297,9,,Goalkeeping,178,74,
ply298,9,,Fitness,,,
ply299,9,,Fitness,,,
ply300,9,,Chief,,,
ply301,10,91,Goalkeeper,193,70,R
ply302,10,22,Goalkeeper,193,88,R
ply303,,33,Goalkeeper,194,81,L
ply304,10,28,Defender,188,84,R
ply305,10,77,Defender,180,72,R
ply306,10,,Defender,182,71,L
ply307,10,44,Defender,190,81,R
ply308,10,14,Defender,190,,L
ply309,10,6,Defender,178,72,R
ply310,,,Defender,,,
ply311,10,2,Defender,186,74,L
ply312,10,58,Defender,,,R
ply313,10,94,Defender,,,L
ply314,10,89,Midfielder,182,,R
ply315,10,3,Midfielder,180,84,L
ply316,10,72,Midfielder,184,,R
ply317,10,27,Midfielder,182,71,R
ply318,10,15,Midfielder,184,,R
ply319,10,8,Midfielder,191,82,R
ply320,10,26,Midfielder,178,73,R
ply321,10,98,Midfielder,184,74,L
ply322,10,20,Midfielder,195,77,R
ply323,10,25,Midfielder,178,77,R
ply324,10,17,Forward,183,68,R
ply325,10,94,Forward,185,71,R
ply326,10,9,Forward,175,75,R
ply327,10,10,Forward,173,70,R
ply328,10,11,Forward,188,86,R
ply329,10,32,Forward,180,,R
ply330,10,30,Forward,190,77,R
ply331,10,7,Forward,187,75,L
ply332,10,19,Forward,179,66,L
ply333,10,70,Forward,191,79,R
ply334,10,,Goalkeeping,183,83,
ply335,11,71,Goalkeeper,197,85,R
ply336,11,1,Goalkeeper,196,84,R
ply337,11,74,Goalkeeper,,,
ply338,11,31,Goalkeeper,191,81,R
ply339,11,51,Goalkeeper,189,78,
ply340,11,35,Goalkeeper,190,81,
ply341,11,3,Defender,187,78,
ply342,11,6,Defender,187,80,R
ply343,11,44,Defender,173,62,L
ply344,11,94,Defender,183,73,R
ply345,11,21,Defender,174,62,L
ply346,11,21,Defender,182,77,R
ply347,11,4,Defender,185,81,
ply348,11,34,Defender,193,78,L
ply349,11,24,Defender,180,67,R
ply350,11,2,Defender,178,76,
ply351,11,25,Defender,186,81,R
ply352,11,18,Midfielder,179,75,L
ply353,11,29,Midfielder,170,61,R
ply354,11,,Midfielder,163,,L
ply355,11,19,Midfielder,186,72,R
ply356,11,,Midfielder,186,75,R
ply357,11,20,Midfielder,175,71,R
ply358,11,22,Midfielder,189,,R
ply359,11,,Midfielder,179,72,L
ply360,11,10,Midfielder,178,72,R
ply361,11,8,Midfielder,184,73,R
ply362,11,5,Midfielder,189,80,R
ply363,11,37,Midfielder,162,58,
ply364,11,15,Midfielder,178,72,L
ply365,11,14,Midfielder,182,70,
ply366,11,,Forward,179,80,R
ply367,11,41,Forward,185,76,R
ply368,11,7,Forward,176,63,R
ply369,11,28,Forward,178,74,R
ply370,11,9,Forward,184,,L
ply371,11,17,Forward,185,75,R
ply372,11,11,Forward,182,69,L
ply373,,1,Goalkeeper,185,85,R
ply374,12,26,Goalkeeper,184,78,R
ply375,12,1,Goalkeeper,187,85,R
ply376,12,28,Defender,175,69,L
ply377,12,4,Defender,188,79,R
ply378,12,15,Defender,187,78,R
ply379,12,24,Defender,182,76,R
ply380,12,2,Defender,177,74,R
ply381,12,18,Defender,170,68,L
ply382,12,23,Defender,178,70,R
ply383,12,17,Defender,188,85,L
ply384,12,3,Defender,194,85,R
ply385,12,5,Midfielder,189,76,R
ply386,12,21,Midfielder,180,74,R
ply387,12,30,Midfielder,173,68,R
ply388,12,19,Midfielder,183,76,R
ply389,12,29,Midfielder,172,66,R
ply390,,18,Midfielder,173,63,R
ply391,12,8,Midfielder,174,60,R
ply392,12,20,Midfielder,178,68,R
ply393,12,7,Forward,178,67,
ply394,12,14,Forward,176,78,R
ply395,12,10,Forward,178,66,R
ply396,12,11,Forward,184,77,R
ply397,,30,Forward,175,70,L
ply398,12,9,Forward,185,81,R
ply399,12,22,Forward,175,68,L
ply400,12,,Fitness,,,
ply401,13,14,Goalkeeper,183,83,R
ply402,13,99,Goalkeeper,186,80,R
ply403,13,,Goalkeeper,188,80,R
ply404,13,4,Defender,196,89,L
ply405,13,2,Defender,187,79,R
ply406,13,75,Defender,179,75,L
ply407,,43,Defender,189,82,R
ply408,13,23,Defender,179,66,
ply409,13,55,Defender,179,66,L
ply410,13,5,Defender,189,79,L
ply411,13,3,Defender,187,81,R
ply412,13,44,Defender,187,78,R
ply413,13,12,Defender,182,71,L
ply414,13,22,Defender,178,72,L
ply415,13,18,Defender,177,69,R
ply416,13,97,Defender,187,75,R
ply417,13,20,Midfielder,177,70,L
ply418,,87,Midfielder,177,73,R
ply419,13,28,Midfielder,174,65,R
ply420,13,46,Midfielder,177,68,R
ply421,13,16,Midfielder,191,86,R
ply422,13,25,Midfielder,172,71,R
ply423,13,11,Midfielder,175,68,R
ply424,13,8,Midfielder,182,76,R
ply425,13,30,Forward,180,80,
ply426,13,38,Forward,182,79,R
ply427,13,7,Forward,176,75,R
ply428,13,13,Forward,179,65,R
ply429,13,70,Forward,184,76,R
ply430,13,19,Forward,182,74,R
ply431,13,17,Forward,175,65,R
ply432,13,9,Forward,187,82,R
ply433,13,29,Forward,187,84,R
ply434,13,,Goalkeeping,184,85,R
ply435,14,40,Goalkeeper,194,,R
ply436,14,1,Goalkeeper,192,87,L
ply437,14,25,Goalkeeper,185,,
ply438,14,35,Goalkeeper,188,87,R
ply439,14,33,Goalkeeper,185,70,R
ply440,14,19,Defender,180,,
ply441,14,41,Defender,185,75,R
ply442,14,,Defender,,,
ply443,14,4,Defender,186,,L
ply444,14,29,Defender,190,,
ply445,14,16,Defender,181,79,L
ply446,14,15,Defender,194,81,R
ply447,14,2,Defender,180,77,L
ply448,14,6,Defender,198,84,L
ply449,14,42,Defender,177,69,R
ply450,14,20,Defender,176,69,R
ply451,14,21,Midfielder,178,76,R
ply452,14,70,Midfielder,178,71,L
ply453,14,10,Midfielder,172,68,R
ply454,14,30,Midfielder,172,69,R
ply455,,28,Midfielder,182,,R
ply456,14,24,Midfielder,171,,
ply457,14,18,Midfielder,180,,R
ply458,14,22,Midfielder,184,,R
ply459,14,12,Midfielder,185,77,
ply460,14,3,Midfielder,173,,R
ply461,14,17,Midfielder,177,,
ply462,14,23,Forward,188,,
ply463,14,80,Forward,180,76,R
ply464,14,11,Forward,184,83,L
ply465,14,7,Forward,177,70,R
ply466,14,28,Forward,187,77,L
ply467,14,61,Forward,186,,
ply468,14,9,Forward,180,,L
ply469,15,40,Goalkeeper,191,,
ply470,15,21,Goalkeeper,188,83,R
ply471,15,,Goalkeeper,192,75,R
ply472,15,1,Goalkeeper,193,82,R
ply473,15,24,Goalkeeper,190,93,R
ply474,15,15,Defender,192,90,L
ply475,15,95,Defender,190,75,L
ply476,15,12,Defender,188,78,R
ply477,15,33,Defender,180,75,R
ply478,15,,Defender,182,70,L
ply479,15,36,Defender,182,70,R
ply480,15,6,Defender,189,78,R
ply481,15,32,Defender,175,75,L
ply482,15,2,Defender,189,81,R
ply483,15,47,Defender,,,
ply484,15,37,Defender,188,82,R
ply485,15,46,Defender,177,65,R
ply486,15,14,Midfielder,175,68,R
ply487,15,23,Midfielder,172,68,R
ply488,15,77,Midfielder,181,68,
ply489,15,20,Midfielder,178,76,R
ply490,15,45,Midfielder,,,L
ply491,15,5,Midfielder,188,77,R
ply492,15,,Midfielder,184,73,R
ply493,15,8,Midfielder,184,76,L
ply494,15,22,Midfielder,178,75,
ply495,15,50,Midfielder,,,R
ply496,15,11,Forward,188,75,R
ply497,15,9,Forward,193,80,R
ply498,15,90,Forward,192,93,L
ply499,15,10,Forward,174,72,R
ply500,15,,Goalkeeping,181,74,R
ply501,16,41,Goalkeeper,188,79,R
ply502,16,36,Goalkeeper,188,77,R
ply503,16,23,Goalkeeper,194,85,L
ply504,16,1,Goalkeeper,195,90,R
ply505,16,12,Defender,180,80,L
ply506,,26,Defender,181,,R
ply507,16,19,Defender,190,85,R
ply508,16,3,Defender,188,82,R
ply509,16,11,Defender,176,66,R
ply855,26,24,Midfielder,167,68,R
ply856,26,6,Midfielder,187,81,R
ply857,26,22,Midfielder,176,79,R
ply858,26,11,Midfielder,186,75,L
ply859,26,8,Midfielder,183,74,R
ply860,26,43,Midfielder,178,75,R
ply861,26,21,Midfielder,175,68,R
ply862,,14,Midfielder,184,76,L
ply863,26,10,Midfielder,184,78,R
ply864,26,9,Forward,173,66,
ply865,26,5,Forward,187,83,R
ply866,26,15,Forward,188,73,L
ply867,26,17,Forward,181,80,L
ply868,26,12,Forward,191,75,R
ply869,26,7,Forward,176,70,L
ply870,26,,Goalkeeping,,,
ply871,26,,Technique,,,
ply872,27,30,Goalkeeper,190,90,R
ply873,27,1,Goalkeeper,188,81,R
ply874,27,81,Goalkeeper,199,86,R
ply875,27,5,Defender,172,73,R
ply876,27,28,Defender,,,
ply877,27,26,Defender,180,74,R
ply878,27,99,Defender,175,70,L
ply879,27,32,Defender,,,
ply880,27,4,Defender,186,83,R
ply881,27,23,Defender,177,70,R
ply882,27,22,Defender,182,74,L
ply883,27,15,Defender,179,73,L
ply884,27,21,Midfielder,182,73,L
ply885,27,17,Midfielder,180,74,R
ply886,27,16,Midfielder,180,67,R
ply887,27,10,Midfielder,175,61,R
ply888,27,29,Midfielder,183,69,R
ply889,27,27,Midfielder,181,75,
ply890,27,34,Midfielder,171,63,R
ply891,27,6,Midfielder,181,76,L
ply892,27,8,Midfielder,177,68,
ply893,27,20,Midfielder,176,70,L
ply894,27,7,Midfielder,187,77,R
ply895,27,11,Midfielder,182,78,L
ply896,27,,Forward,176,,R
ply897,27,,Forward,176,66,R
ply898,27,19,Forward,183,73,R
ply899,27,9,Forward,171,63,L
ply900,27,14,Forward,185,73,R
ply901,27,,Forward,186,,L
ply902,27,2,Forward,182,90,R
ply903,27,,Goalkeeping,185,77,
ply904,28,77,Goalkeeper,196,92,R
ply905,28,45,Goalkeeper,191,84,R
ply906,28,99,Goalkeeper,188,78,R
ply907,28,3,Defender,171,69,L
ply908,28,34,Defender,186,80,R
ply909,28,66,Defender,182,,R
ply910,28,6,Defender,183,76,R
ply911,28,25,Defender,193,78,L
ply912,28,17,Defender,178,71,R
ply913,28,31,Defender,183,75,L
ply914,28,2,Defender,181,75,R
ply915,28,38,Defender,187,,R
ply916,28,4,Defender,188,84,R
ply917,28,91,Defender,190,88,L
ply918,28,30,Defender,183,80,R
ply919,28,,Defender,184,73,R
ply920,28,8,Midfielder,179,71,R
ply921,28,22,Midfielder,174,68,R
ply922,28,93,Midfielder,185,72,R
ply923,28,13,Midfielder,180,77,R
ply924,28,61,Midfielder,184,73,R
ply925,28,20,Midfielder,179,73,R
ply926,28,55,Midfielder,184,78,R
ply927,28,23,Midfielder,180,79,L
ply928,28,7,Forward,175,66,L
ply929,28,96,Forward,170,,L
ply930,28,88,Forward,185,79,R
ply931,28,39,Forward,180,69,R
ply932,28,33,Forward,190,81,R
ply933,28,27,Forward,171,66,R
ply934,28,18,Forward,185,79,L
ply935,29,22,Goalkeeper,188,79,R
ply936,29,1,Goalkeeper,190,86,L
ply937,,,Goalkeeper,190,90,R
ply938,29,12,Goalkeeper,186,79,R
ply939,29,67,Defender,184,78,
ply940,29,4,Defender,196,92,R
ply941,29,71,Defender,179,72,L
ply942,29,25,Defender,186,77,L
ply943,29,63,Defender,185,80,L
ply944,29,2,Defender,183,77,L
ply945,29,13,Defender,187,71,R
ply946,29,24,Defender,176,71,R
ply947,29,47,Defender,173,68,R
ply948,29,3,Defender,184,74,R
ply949,29,6,Midfielder,179,,
ply950,29,68,Midfielder,169,60,L
ply951,29,84,Midfielder,179,76,R
ply952,29,,Midfielder,186,73,R
ply953,29,18,Midfielder,177,,L
ply954,29,82,Midfielder,,,
ply955,29,5,Midfielder,177,75,R
ply956,29,15,Midfielder,182,73,R
ply957,29,33,Forward,174,68,R
ply958,29,10,Forward,168,65,L
ply959,29,,Forward,176,72,R
ply960,29,11,Forward,176,73,L
ply961,29,20,Forward,188,82,L
ply962,29,28,Forward,173,65,R
ply963,29,16,Forward,169,68,R
ply964,29,91,Forward,185,,R
ply965,29,59,Forward,174,64,L
ply966,29,17,Forward,183,77,L
ply967,30,1,Goalkeeper,197,78,L
ply968,30,30,Goalkeeper,187,85,R
ply969,30,12,Goalkeeper,194,88,R
ply970,30,35,Goalkeeper,189,82,
ply971,30,20,Defender,176,72,R
ply972,30,3,Defender,191,81,R
ply973,30,2,Defender,182,77,
ply974,30,4,Defender,190,88,R
ply975,30,6,Defender,173,68,L
ply976,30,15,Defender,175,80,L
ply977,30,5,Defender,193,81,L
ply978,30,27,Midfielder,184,74,L
ply979,30,38,Midfielder,188,77,L
ply980,30,31,Midfielder,184,81,L
ply981,30,29,Midfielder,188,77,R
ply982,30,22,Midfielder,188,74,R
ply983,30,40,Midfielder,175,61,L
ply984,30,17,Midfielder,183,79,R
ply985,30,32,Midfielder,185,77,R
ply986,30,39,Midfielder,182,77,
ply987,30,14,Forward,175,70,R
ply988,30,16,Forward,179,64,R
ply989,30,9,Forward,180,76,L
ply990,30,33,Forward,183,81,R
ply991,30,10,Forward,185,80,R
ply992,30,18,Forward,188,,L
ply993,30,7,Forward,181,75,L
ply994,30,23,Forward,190,82,R
ply995,30,,Goalkeeping,188,75,
ply996,30,,Athletic,,,
ply997,30,,Rehab,176,,
ply998,30,,Game,184,79,R
ply999,30,,Video,,,
ply1000,30,,Video,,,
ply1001,30,,Chief,,,
ply1002,,13,Goalkeeper,190,77,R
ply1003,,1,Goalkeeper,190,82,R
ply1004,31,1,Goalkeeper,188,92,R
ply1005,31,13,Goalkeeper,189,84,R
ply1006,31,18,Defender,171,65,L
ply1007,31,36,Defender,163,,L
ply1008,31,37,Defender,179,76,R
ply1009,31,8,Defender,187,69,R
ply1010,31,5,Defender,190,75,L
ply1011,31,2,Defender,171,61,R
ply1012,31,23,Defender,184,78,R
ply1013,31,12,Defender,185,66,L
ply1014,31,4,Defender,191,80,L
ply1015,31,24,Defender,184,73,L
ply1016,31,3,Defender,190,82,R
ply1017,31,6,Midfielder,189,80,R
ply1018,31,28,Midfielder,182,75,R
ply1019,31,19,Midfielder,177,73,R
ply1020,31,10,Midfielder,182,74,R
ply1021,31,17,Midfielder,177,68,L
ply1022,31,20,Midfielder,178,75,R
ply1023,,20,Midfielder,170,,
ply1024,31,40,Midfielder,,,
ply1025,31,14,Midfielder,178,75,R
ply1849,,23,Forward,175,70,L
ply1850,,2,Defender,170,62,R
ply1851,,99,Forward,177,70,R
ply1852,,,Defender,175,70,L
ply1853,,27,Forward,175,68,R
ply1854,,10,Forward,165,62,R
ply1855,,35,Defender,189,84,R
ply1856,,7,Midfielder,183,74,R
ply1857,,,Forward,186,81,R
ply1858,,18,Midfielder,178,77,R
ply1859,,4,Defender,180,71,L
ply1860,,30,Defender,178,72,R
ply1861,,18,Forward,176,70,R
ply1862,,2,Defender,166,68,R
ply1863,,10,Forward,178,72,R
ply1864,,10,Midfielder,174,69,L
ply1865,,19,Forward,175,76,R
ply1866,,24,Midfielder,182,75,R
ply1867,,27,Defender,185,80,R
ply1868,,92,Forward,174,70,L
ply1869,,10,Forward,186,85,
ply1870,,8,Midfielder,175,75,L
ply1871,,2,Defender,173,69,R
ply1872,,23,Arabia,187,83,R
ply1873,,5,Midfielder,185,77,R
ply1874,,29,Forward,188,83,R
ply1875,,16,Midfielder,182,76,
ply1876,,31,Forward,179,85,L
ply1877,,9,Forward,178,73,R
ply1878,,18,Midfielder,174,68,R
ply1879,,11,Forward,177,77,R
ply1880,,26,Defender,187,84,L
ply1881,,77,Forward,170,60,R
ply1882,,10,Forward,177,73,L
ply1883,,,Defender,180,76,R
ply1884,,24,Forward,163,59,R
ply1885,,90,Forward,182,72,R
ply1886,,87,Midfielder,180,72,R
ply1887,,2,Defender,187,80,R
ply1888,,27,Midfielder,176,75,R
ply1889,,28,Midfielder,192,86,R
ply1890,,21,Republic,190,85,R
ply1891,,7,Forward,173,75,L
ply1892,,,Forward,180,79,R
ply1893,,11,Midfielder,165,62,L
ply1894,,,Emirates,177,72,R
ply1895,,16,Defender,192,90,R
ply1896,,,Emirates,178,76,R
ply1897,,30,Forward,190,83,L
ply1898,,29,Midfielder,185,83,R
ply1899,,19,Forward,182,77,L
ply1900,,20,Midfielder,175,75,R
ply1901,,,Forward,185,83,R
ply1902,,21,Forward,179,74,L
ply1903,,9,Forward,172,70,R
ply1904,,5,Defender,186,93,R
ply1905,,4,Defender,190,95,R
ply1906,,10,Defender,178,74,R
ply1907,,22,Defender,177,69,R
ply1908,,12,Midfielder,175,72,R
ply1909,,14,Midfielder,179,69,L
ply1910,53,1,Goalkeeper,187,82,R
ply1911,53,36,Goalkeeper,188,75,
ply1912,53,12,Goalkeeper,191,84,R
ply1913,,1,Goalkeeper,192,83,R
ply1914,53,25,Defender,192,85,R
ply1915,53,4,Defender,185,85,R
ply1916,,12,Defender,185,79,R
ply1917,,23,Defender,185,76,
ply1918,53,21,Defender,193,86,L
ply1919,53,5,Defender,186,86,R
ply1920,53,3,Defender,182,81,R
ply1921,,2,Defender,188,83,R
ply1922,53,34,Defender,184,83,L
ply1923,53,22,Defender,194,87,R
ply1924,53,14,Midfielder,180,73,R
ply1925,53,20,Midfielder,177,74,L
ply1926,53,39,Midfielder,176,66,
ply1927,,7,Midfielder,185,,
ply1928,53,8,Midfielder,173,65,R
ply1929,53,6,Midfielder,184,81,
ply1930,53,16,Midfielder,180,74,R
ply1931,53,29,Midfielder,185,81,
ply1932,53,13,Midfielder,183,73,L
ply1933,,8,Midfielder,175,71,
ply1934,53,44,Forward,189,82,
ply1935,53,9,Forward,185,78,R
ply1936,53,7,Forward,183,75,R
ply1937,53,10,Forward,182,76,R
ply1938,53,27,Forward,177,73,R
ply1939,53,,Goalkeeping,186,83,R
ply1940,53,,Athletic,189,87,
ply1941,53,,Athletic,187,81,
ply1942,53,,Athletic,184,84,
ply1943,53,,Rehab,178,78,
ply1944,53,,Rehab,,,
ply1945,53,,Game,182,,
ply1946,53,,Chief,180,78,
ply1947,53,,07/2006,,,
ply1948,53,,07/2010,,,
ply1949,54,,Goalkeeper,191,85,R
ply1950,,61,Goalkeeper,186,79,L
ply1951,54,23,Goalkeeper,186,80,R
ply1952,,99,Goalkeeper,187,90,
ply1953,54,1,Goalkeeper,192,87,R
ply1954,54,24,Defender,195,85,R
ply1955,54,3,Defender,178,79,L
ply1956,54,,Defender,191,74,R
ply1957,54,18,Defender,182,67,L
ply1958,,37,Defender,182,72,R
ply1959,54,12,Defender,180,,R
ply1960,54,,Defender,182,71,R
ply1961,54,31,Defender,183,77,L
ply1962,54,,Defender,184,76,R
ply1963,54,7,Midfielder,179,73,R
ply1964,54,,Midfielder,178,72,L
ply1965,54,14,Midfielder,180,74,R
ply1966,54,,Midfielder,175,66,R
ply1967,54,25,Midfielder,172,72,R
ply1968,54,26,Midfielder,176,74,L
ply1969,54,,Midfielder,182,78,R
ply1970,54,20,Midfielder,176,73,R
ply1971,54,80,Midfielder,,,R
ply1972,54,46,Midfielder,183,77,L
ply1973,54,44,Midfielder,182,70,R
ply1974,54,4,Midfielder,183,76,R
ply1975,54,17,Midfielder,182,72,R
ply1976,54,11,Forward,180,81,R
ply1977,,70,Forward,181,76,R
ply1978,54,9,Forward,182,78,L
ply1979,,35,Forward,191,80,
ply1980,54,,Forward,179,74,
ply1981,54,,Forward,169,64,R
ply1982,54,,Forward,182,79,R
ply1983,54,,Forward,181,,R
ply1984,54,,Goalkeeping,192,87,
ply1985,54,,Fitness,188,91,
ply1986,55,30,Goalkeeper,193,84,L
ply1987,55,50,Goalkeeper,192,82,R
ply1988,55,16,Goalkeeper,193,86,R
ply1989,55,26,Defender,172,71,R
ply1990,55,5,Defender,194,75,L
ply1991,55,12,Defender,179,70,L
ply1992,55,6,Defender,190,86,R
ply1993,55,14,Defender,183,75,L
ply1994,55,3,Defender,194,83,R
ply1995,55,38,Defender,180,65,L
ply1996,55,23,Defender,182,73,L
ply1997,55,2,Defender,174,69,R
ply1998,55,21,Midfielder,175,63,L
ply1999,55,99,Midfielder,,,
ply2000,55,4,Midfielder,175,69,R
ply2001,55,19,Midfielder,176,74,R
ply2002,55,17,Midfielder,180,69,R
ply2003,55,11,Midfielder,181,78,R
ply2004,55,29,Midfielder,181,73,R
ply2005,55,41,Midfielder,188,,R
ply2006,55,15,Midfielder,174,67,R
ply2007,55,10,Forward,170,68,
ply2008,55,9,Forward,181,67,R
ply2009,55,77,Forward,173,74,R
ply2010,55,53,Forward,185,72,R
ply2011,55,,Goalkeeping,,,
ply2012,56,63,Goalkeeper,193,80,R
ply2013,56,1,Goalkeeper,190,84,L
ply2014,56,99,Goalkeeper,189,82,R
ply2015,56,,Defender,186,82,L
ply2016,56,3,Defender,187,80,R
ply2017,56,74,Defender,172,,L
ply2018,56,2,Defender,184,80,R
ply2019,56,60,Defender,193,78,
ply2020,56,24,Defender,190,78,R
ply2021,56,23,Defender,191,82,R
ply2022,56,58,Defender,182,,R
ply2023,56,6,Defender,194,90,R
ply2024,56,37,Defender,186,75,R
ply2025,56,17,Defender,180,73,L
ply2026,56,52,Midfielder,176,63,R
ply2027,56,,Midfielder,177,75,
ply2028,56,4,Midfielder,187,85,R
ply2029,56,55,Midfielder,178,69,R
ply2030,56,73,Midfielder,175,,R
ply2031,56,8,Midfielder,194,85,L
ply2032,56,7,Midfielder,186,77,
ply2033,56,65,Midfielder,179,69,R
ply2034,56,62,Midfielder,187,75,L
ply2035,56,59,Midfielder,175,65,R
ply2036,56,11,Forward,181,84,R
ply2037,56,92,Forward,178,72,R
ply2038,56,14,Forward,190,76,R
ply2039,56,22,Forward,190,79,L
ply2040,56,,Goalkeeping,185,81,
ply2041,57,35,Goalkeeper,186,82,R
ply2042,57,45,Goalkeeper,185,77,R
ply2043,57,49,Goalkeeper,189,84,L
ply2044,57,3,Defender,190,82,R
ply2045,57,78,Defender,193,85,R
ply2046,57,22,Defender,178,74,
ply2047,57,62,Defender,190,77,R
ply2048,57,90,Defender,177,72,L
ply2049,57,27,Defender,183,79,L
ply2050,57,14,Defender,184,77,
ply2051,57,42,Defender,178,75,L
ply2052,57,4,Defender,193,86,R
ply2053,57,8,Midfielder,179,70,R
ply2054,57,72,Midfielder,181,70,
ply2055,57,48,Midfielder,186,80,R
ply2056,57,20,Midfielder,182,74,R
ply2057,57,28,Midfielder,177,70,L
ply2058,57,88,Midfielder,170,66,R
ply2059,57,6,Midfielder,181,67,R
ply2060,57,10,Midfielder,175,74,L
ply2061,57,19,Midfielder,183,75,L
ply2062,57,5,Midfielder,183,75,R
ply2063,57,9,Forward,183,75,R
ply2064,57,21,Forward,190,82,R
ply2065,57,41,Forward,176,65,R
ply2066,57,46,Forward,185,77,
ply2067,57,91,Forward,191,84,R
ply2068,58,1,Goalkeeper,197,98,R
ply2069,58,28,Goalkeeper,193,86,
ply2070,58,34,Goalkeeper,195,93,R
ply2071,58,13,Goalkeeper,190,84,R
ply2072,58,27,Defender,180,75,R
ply2073,58,22,Defender,196,84,R
ply2074,58,3,Defender,186,77,R
ply2075,58,35,Defender,192,84,
ply2076,,12,Defender,187,76,R
ply2077,58,2,Defender,183,76,L
ply2078,58,5,Defender,189,78,R
ply2079,58,4,Defender,189,79,R
ply2080,58,23,Midfielder,179,75,R
ply2081,,20,Midfielder,183,80,L
ply2082,58,24,Midfielder,183,71,R
ply2083,58,17,Midfielder,188,79,
ply2084,58,30,Midfielder,187,80,R
ply2085,58,6,Midfielder,182,72,R
ply2086,58,8,Midfielder,179,76,R
ply2087,58,29,Midfielder,183,78,L
ply2088,58,20,Midfielder,174,67,R
ply2089,58,10,Midfielder,178,72,R
ply2090,58,11,Forward,190,85,R
ply2091,58,19,Forward,189,83,R
ply2092,58,7,Forward,175,69,L
ply2093,58,40,Forward,192,94,R
ply2094,,21,Forward,187,,R
ply2095,58,9,Forward,192,87,R
ply2096,58,,Goalkeeping,188,83,R
ply2097,58,,Athletic,,,
ply2098,58,,Athletic,,,
ply2099,58,,Rehab,,,
ply2100,58,,Game,,,
ply2101,59,1,Goalkeeper,191,91,R
ply2102,59,16,Goalkeeper,192,89,R
ply2103,59,41,Goalkeeper,194,,
ply2104,59,24,Goalkeeper,188,83,R
ply2105,59,18,Defender,181,68,L
ply2106,59,22,Defender,195,85,L
ply2107,59,2,Defender,183,72,R
ply2108,59,17,Defender,171,62,L
ply2109,59,31,Defender,177,75,L
ply2110,59,29,Defender,170,68,R
ply2111,59,4,Defender,185,72,L
ply2112,59,35,Defender,175,,L
ply2113,59,3,Defender,183,68,R
ply2114,59,15,Midfielder,177,69,L
ply2115,59,37,Midfielder,168,64,R
ply2116,59,6,Midfielder,191,77,R
ply2117,59,7,Midfielder,168,58,R
ply2118,59,20,Midfielder,186,79,R
ply2119,59,8,Midfielder,186,82,R
ply2120,59,23,Midfielder,185,81,R
ply2121,59,27,Forward,,,L
ply2122,59,21,Forward,189,87,R
ply2123,59,11,Forward,187,76,R
ply2124,59,28,Forward,185,,R
ply2125,59,10,Forward,182,65,L
ply2126,59,33,Forward,176,66,L
ply2127,59,32,Forward,176,,R
ply2128,59,,Goalkeeping,,,
ply2129,60,16,Republic,187,78,R
ply2130,60,36,Republic,191,93,R
ply2131,60,13,Republic,194,86,R
ply2132,60,24,Republic,183,76,R
ply2133,60,2,Republic,189,85,R
ply2134,60,44,Republic,174,72,R
ply2135,60,21,Republic,186,77,L
ply2136,60,35,Republic,190,84,R
ply2137,60,4,Republic,187,90,R
ply2138,60,14,Republic,183,82,R
ply2139,60,3,Republic,188,78,L
ply2140,60,,Republic,178,72,
ply2141,60,,Republic,181,78,R
ply2142,60,20,Republic,177,73,R
ply2143,60,25,Republic,181,74,R
ply2144,60,77,Republic,184,73,R
ply2145,60,23,Republic,183,77,R
ply2146,60,10,Republic,180,81,R
ply2147,60,,Republic,177,68,
ply2148,60,99,Republic,184,71,L
ply2149,60,6,Republic,171,71,
ply2150,60,88,Republic,169,60,
ply2151,60,90,Republic,186,77,R
ply2152,60,15,Republic,199,101,R
ply2153,60,33,Republic,193,87,
ply2154,60,9,Republic,185,76,R
ply2155,60,18,Republic,186,78,L
ply2156,60,,Republic,,,
ply2157,60,7,Republic,171,64,L
ply2158,60,,Republic,177,70,
ply2159,,11,Forward,170,65,R
ply2160,,29,Forward,181,70,R
ply2161,,7,Forward,191,93,R
ply2162,,,Forward,185,74,R
ply2163,,16,Defender,182,74,L
ply2164,,8,Midfielder,179,73,R
ply2165,,4,Midfielder,176,65,R
ply2166,,20,Midfielder,188,76,L
ply2167,,10,Forward,169,72,L
ply2168,,23,Arabia,193,78,R
ply2169,,17,Midfielder,183,79,
ply2170,,,Midfielder,180,73,L
ply2171,,9,Forward,191,83,R
ply2172,,8,Forward,175,68,R
ply2173,,10,Forward,178,84,R
ply1026,31,16,Forward,174,69,R
ply1027,31,11,Forward,172,70,L
ply1028,31,9,Forward,178,74,R
ply1029,31,34,Forward,191,81,R
ply1030,31,7,Forward,180,77,L
ply1031,31,15,Forward,186,80,R
ply1032,31,22,Forward,180,70,R
ply1033,31,21,Forward,172,70,R
ply1034,31,,Goalkeeping,173,,
ply1035,,91,Goalkeeper,190,78,R
ply1036,32,1,Goalkeeper,194,96,R
ply1037,32,41,Goalkeeper,191,88,R
ply1038,32,95,Goalkeeper,196,80,R
ply1039,32,71,Goalkeeper,190,78,L
ply1040,32,23,Defender,180,69,R
ply1041,32,28,Defender,190,70,
ply1042,32,2,Defender,185,79,R
ply1043,32,3,Defender,175,70,L
ply1044,32,15,Defender,175,70,R
ply1045,32,4,Defender,175,70,L
ply1046,32,6,Defender,188,84,R
ply1047,32,55,Defender,191,89,R
ply1048,32,5,Midfielder,178,74,R
ply1049,32,11,Midfielder,172,65,R
ply1050,32,21,Midfielder,195,80,R
ply1051,32,72,Midfielder,181,72,R
ply1052,32,14,Midfielder,182,74,R
ply1053,32,45,Midfielder,183,73,R
ply1054,,60,Midfielder,,,
ply1055,32,8,Midfielder,180,73,R
ply1056,32,7,Forward,180,77,L
ply1057,32,30,Forward,183,75,R
ply1058,32,31,Forward,174,,R
ply1059,32,10,Forward,171,74,L
ply1060,32,17,Forward,180,77,R
ply1061,32,33,Forward,184,75,R
ply1062,32,19,Forward,188,79,R
ply1063,32,,Goalkeeping,190,87,
ply1064,,9,Forward,175,68,R
ply1065,,23,Midfielder,182,71,R
ply1066,,27,Midfielder,174,66,R
ply1067,,50,Midfielder,179,67,R
ply1068,,11,Defender,175,69,L
ply1069,,25,Midfielder,175,69,R
ply1070,,35,Defender,175,65,L
ply1071,,21,Midfielder,170,63,L
ply1072,,32,Defender,173,70,L
ply1073,,9,Forward,182,83,R
ply1074,,99,Defender,182,81,R
ply1075,,27,Midfielder,181,78,R
ply1076,,,Emirates,178,72,R
ply1077,,27,Midfielder,183,74,R
ply1078,,3,Defender,172,65,L
ply1079,,,Forward,175,72,L
ply1080,,3,Defender,191,87,R
ply1081,,20,Forward,177,74,L
ply1082,,15,Defender,180,76,L
ply1083,,99,Forward,180,79,R
ply1084,,,Forward,178,74,
ply1085,,29,Midfielder,178,70,L
ply1086,,32,Midfielder,180,75,R
ply1087,,10,Midfielder,177,70,R
ply1088,,70,Forward,169,62,R
ply1089,,14,Midfielder,186,80,
ply1090,,24,Midfielder,182,72,R
ply1091,,11,Forward,174,72,R
ply1092,,88,Midfielder,181,81,R
ply1093,,13,Midfielder,181,74,R
ply1094,,45,Forward,190,84,R
ply1095,,23,Midfielder,181,77,R
ply1096,,59,Midfielder,182,74,L
ply1097,,32,Midfielder,187,75,L
ply1098,,,Emirates,175,70,R
ply1099,,11,Midfielder,174,65,R
ply1100,,,Forward,190,79,L
ply1101,,20,Midfielder,183,74,R
ply1102,,36,Defender,183,80,R
ply1103,,16,Midfielder,176,73,R
ply1104,,17,Forward,188,81,R
ply1105,,22,Midfielder,170,65,L
ply1106,,25,Defender,186,70,R
ply1107,,11,Forward,175,67,L
ply1108,,19,Defender,180,78,R
ply1109,,30,Midfielder,187,78,R
ply1110,,21,Forward,177,75,L
ply1111,,44,Defender,180,78,L
ply1112,,10,Forward,183,77,L
ply1113,,21,Forward,186,75,L
ply1114,,17,Forward,177,75,R
ply1115,,9,Forward,186,79,
ply1116,,24,Forward,197,91,R
ply1117,,19,Midfielder,178,70,
ply1118,,27,Midfielder,184,78,R
ply1119,,7,Midfielder,178,70,R
ply1120,,24,Defender,176,76,R
ply1121,,30,Defender,175,78,L
ply1122,,29,Forward,180,75,R
ply1123,33,41,Goalkeeper,182,79,R
ply1124,33,21,Goalkeeper,183,78,R
ply1125,33,1,Goalkeeper,183,79,R
ply1126,33,25,Defender,186,82,L
ply1127,33,30,Defender,189,81,R
ply1128,33,5,Defender,192,83,R
ply1129,33,3,Defender,186,75,R
ply1130,33,24,Defender,177,76,R
ply1131,33,18,Defender,175,73,R
ply1132,33,20,Defender,180,83,L
ply1133,33,29,Defender,184,80,R
ply1134,33,38,Midfielder,175,67,R
ply1135,33,22,Midfielder,180,77,R
ply1136,33,7,Midfielder,179,71,R
ply1137,33,23,Midfielder,176,73,R
ply1138,33,17,Midfielder,185,80,R
ply1139,33,6,Midfielder,191,76,
ply1140,33,26,Midfielder,185,80,R
ply1141,33,32,Midfielder,185,74,R
ply1142,,34,Midfielder,181,72,
ply1143,33,27,Midfielder,176,75,
ply1144,33,8,Midfielder,186,80,R
ply1145,33,35,Forward,177,74,
ply1146,33,19,Forward,182,70,R
ply1147,33,14,Forward,181,79,R
ply1148,33,13,Forward,181,80,R
ply1149,33,10,Forward,192,88,R
ply1150,33,11,Forward,179,69,L
ply1151,33,,Goalkeeping,180,79,
ply1152,33,,Goalkeeping,187,75,R
ply1153,33,,Athletic,,,
ply1154,33,,Athletic,189,80,R
ply1155,33,,Athletic,,,
ply1156,33,,Athletic,,,
ply1157,33,,Video,,,
ply1158,34,1,Goalkeeper,195,89,R
ply1159,34,16,Goalkeeper,201,,
ply1160,34,30,Goalkeeper,,,
ply1161,34,6,Defender,178,68,R
ply1162,34,14,Defender,192,81,R
ply1163,34,44,Defender,177,60,L
ply1164,34,4,Defender,185,75,R
ply1165,34,73,Defender,187,80,L
ply1166,34,26,Defender,190,70,L
ply1167,34,29,Defender,178,71,L
ply1168,34,28,Defender,184,82,R
ply1169,34,22,Defender,,,
ply1170,34,17,Defender,178,65,R
ply1171,34,20,Midfielder,,,
ply1172,34,35,Midfielder,187,81,R
ply1173,34,18,Midfielder,171,65,R
ply1174,34,10,Midfielder,179,76,R
ply1175,34,21,Midfielder,184,,
ply1176,34,11,Midfielder,178,,
ply1177,34,19,Midfielder,,,R
ply1178,34,5,Midfielder,184,64,R
ply1179,34,8,Midfielder,178,70,R
ply1180,34,7,Midfielder,171,64,R
ply1181,34,24,Midfielder,184,78,L
ply1182,34,36,Forward,174,69,L
ply1183,34,74,Forward,190,88,R
ply1184,34,9,Forward,190,80,R
ply1185,34,23,Forward,188,,
ply1186,34,,Goalkeeping,184,78,R
ply1187,34,,Game,182,78,
ply1188,35,1,Goalkeeper,194,92,R
ply1189,35,90,Goalkeeper,188,81,R
ply1190,35,63,Goalkeeper,,,
ply1191,35,61,Goalkeeper,,,
ply1192,35,62,Goalkeeper,,,
ply1193,35,29,Goalkeeper,185,83,R
ply1194,35,21,Defender,178,77,R
ply1195,35,17,Defender,182,74,L
ply1196,35,4,Defender,186,77,L
ply1197,35,15,Defender,189,80,
ply1198,35,3,Defender,188,80,R
ply1199,35,56,Defender,,,
ply1200,35,23,Defender,186,,R
ply1201,35,25,Defender,191,87,R
ply1202,35,31,Defender,183,77,R
ply1203,35,5,Midfielder,180,75,R
ply1204,35,13,Midfielder,189,82,R
ply1205,35,14,Midfielder,184,78,R
ply1206,35,27,Midfielder,183,,R
ply1207,35,93,Midfielder,183,75,R
ply1208,35,76,Midfielder,,,
ply1209,35,7,Midfielder,172,71,R
ply1210,35,18,Midfielder,175,69,R
ply1211,35,19,Midfielder,185,82,L
ply1212,35,16,Midfielder,180,74,R
ply1213,35,28,Forward,180,72,R
ply1214,35,70,Forward,180,77,R
ply1215,35,,Forward,178,74,R
ply1216,35,50,Forward,170,71,L
ply1217,35,8,Forward,184,82,R
ply1218,35,10,Forward,174,68,R
ply1219,35,52,Forward,,,
ply1220,35,,Goalkeeping,181,77,
ply1221,35,,Goalkeeping,187,80,
ply1222,35,,Fitness,,,
ply1223,35,,Physical,,,
ply1224,35,,Physical,,,
ply1225,36,1,Goalkeeper,189,82,R
ply1226,36,39,Goalkeeper,192,82,R
ply1227,36,73,Goalkeeper,183,62,R
ply1228,36,44,Defender,187,77,L
ply1229,36,48,Defender,166,62,L
ply1230,36,31,Defender,183,76,R
ply1231,36,84,Defender,189,73,R
ply1232,36,98,Defender,175,71,R
ply1233,36,32,Defender,179,74,L
ply1234,36,6,Defender,174,69,L
ply1235,36,80,Defender,189,81,L
ply1236,36,41,Defender,190,78,
ply1237,,82,Defender,182,75,R
ply1238,36,28,Defender,175,68,
ply1239,36,7,Midfielder,173,65,R
ply1240,36,14,Midfielder,186,74,L
ply1241,36,8,Midfielder,183,74,R
ply1242,36,19,Midfielder,174,64,R
ply1243,36,16,Midfielder,190,,L
ply1244,36,38,Midfielder,178,58,R
ply1245,36,26,Midfielder,175,66,R
ply1246,36,88,Midfielder,188,83,R
ply1247,36,15,Midfielder,180,78,R
ply1248,36,61,Midfielder,182,78,
ply1249,36,10,Midfielder,178,66,R
ply1250,36,23,Midfielder,178,69,R
ply1251,36,92,Forward,172,63,R
ply1252,36,9,Forward,188,85,R
ply1253,36,11,Forward,177,69,R
ply1254,36,21,Forward,179,75,R
ply1255,36,72,Forward,173,64,
ply1256,,96,Forward,188,71,R
ply1257,,94,Forward,179,70,R
ply1258,36,67,Forward,187,74,R
ply1259,36,69,Forward,173,69,R
ply1260,36,85,Forward,175,,R
ply1261,36,40,Forward,170,70,R
ply1262,36,70,Forward,173,63,
ply1263,37,1,Goalkeeper,192,86,R
ply1264,37,98,Goalkeeper,,,L
ply1265,,,Goalkeeper,192,80,R
ply1266,37,6,Defender,189,76,L
ply1267,37,80,Defender,173,70,R
ply1268,37,3,Defender,183,75,L
ply1269,37,,Defender,,,
ply1270,37,41,Defender,,,
ply1271,37,5,Defender,183,83,R
ply1272,37,60,Defender,179,72,L
ply1273,37,55,Defender,183,76,R
ply1274,37,,Defender,,,R
ply1275,37,2,Defender,171,71,R
ply1276,37,42,Defender,175,70,R
ply1277,37,59,Defender,190,75,L
ply1278,37,53,Defender,,,R
ply1279,37,8,Midfielder,182,75,L
ply1280,37,,Midfielder,170,73,R
ply1281,37,97,Midfielder,,,
ply1282,37,20,Midfielder,178,63,R
ply1283,37,,Midfielder,,,R
ply1284,37,19,Midfielder,180,79,R
ply1285,37,10,Midfielder,180,71,L
ply1286,37,21,Midfielder,178,72,
ply1287,37,23,Midfielder,177,72,L
ply1288,37,34,Forward,188,86,R
ply1289,37,15,Forward,,,R
ply1290,37,11,Forward,177,77,R
ply1291,37,7,Forward,175,65,R
ply1292,37,,Forward,193,83,R
ply1293,37,,Forward,190,80,R
ply1294,37,77,Forward,186,82,R
ply1295,37,18,Forward,177,70,R
ply1296,37,,Forward,181,73,L
ply1297,37,,Goalkeeping,,,
ply1298,38,31,Goalkeeper,191,80,R
ply1299,38,1,Goalkeeper,190,82,
ply1300,38,61,Goalkeeper,189,,R
ply1301,38,94,Goalkeeper,192,82,R
ply1302,38,83,Defender,191,78,R
ply1303,38,15,Defender,191,82,R
ply1304,38,44,Defender,188,,R
ply1305,38,34,Defender,185,78,R
ply1306,38,23,Defender,182,75,R
ply1307,38,16,Defender,188,83,L
ply1308,38,77,Defender,185,76,R
ply1309,38,4,Defender,184,72,R
ply1310,38,26,Defender,183,79,L
ply1311,38,13,Defender,185,78,L
ply1312,38,88,Midfielder,190,80,L
ply1313,38,50,Midfielder,185,68,R
ply1314,38,32,Midfielder,180,75,R
ply1315,38,93,Midfielder,183,75,L
ply1316,38,29,Midfielder,174,67,R
ply1317,38,10,Midfielder,183,74,R
ply1318,38,6,Midfielder,166,63,R
ply1319,38,21,Midfielder,191,82,R
ply1320,38,18,Midfielder,165,64,L
ply1321,38,5,Midfielder,187,81,R
ply1322,38,20,Midfielder,176,63,R
ply1323,38,11,Forward,180,78,L
ply1324,38,7,Forward,175,70,R
ply1325,38,17,Forward,185,85,R
ply1326,38,9,Forward,167,64,
ply1327,39,1,Goalkeeper,197,96,R
ply1328,39,53,Goalkeeper,194,85,R
ply1329,39,54,Goalkeeper,194,83,R
ply1330,39,60,Goalkeeper,194,89,R
ply1331,39,3,Defender,190,79,L
ply1332,39,66,Defender,196,88,R
ply1333,39,16,Defender,185,81,R
ply1334,39,20,Defender,196,86,R
ply1335,39,18,Defender,185,76,R
ply1336,39,12,Defender,185,71,L
ply1337,39,24,Defender,178,69,
ply1338,39,59,Defender,196,86,R
ply1339,39,71,Defender,180,75,L
ply1340,39,2,Defender,178,65,R
ply1341,39,6,Midfielder,179,72,
ply1342,39,95,Midfielder,184,71,
ply1343,39,93,Midfielder,184,75,R
ply1344,39,69,Midfielder,178,66,R
ply1345,39,4,Midfielder,187,76,R
ply1346,39,5,Midfielder,181,75,R
ply1347,39,11,Midfielder,183,72,R
ply1348,39,89,Midfielder,177,67,R
ply1349,39,43,Midfielder,170,67,
ply1350,39,17,Midfielder,184,80,R
ply1351,39,92,Forward,,,
ply1352,39,9,Forward,180,72,R
ply1353,39,10,Forward,180,67,R
ply1354,39,25,Forward,182,77,R
ply1355,39,7,Forward,175,68,R
ply1356,39,29,Forward,176,64,R
ply1357,39,77,Forward,192,78,R
ply1358,39,27,Forward,,,R
ply1359,40,31,Goalkeeper,193,89,R
ply1360,40,99,Goalkeeper,192,,
ply1361,40,,Goalkeeper,197,88,R
ply1362,,88,Goalkeeper,193,,R
ply1363,40,1,Goalkeeper,189,85,R
ply1364,40,14,Defender,182,65,R
ply1365,40,24,Defender,192,84,R
ply1366,40,66,Defender,197,83,R
ply1367,40,90,Defender,195,,R
ply1368,40,23,Defender,170,71,L
ply1369,40,27,Defender,178,78,R
ply1370,40,16,Defender,178,,L
ply1371,40,12,Defender,174,75,L
ply1372,40,,Defender,181,75,R
ply1373,40,70,Defender,180,,R
ply1374,40,15,Defender,186,85,R
ply1375,40,26,Defender,175,68,R
ply1376,40,45,Defender,180,72,L
ply1377,40,4,Defender,186,75,R
ply1378,40,2,Defender,181,76,R
ply1379,40,5,Midfielder,186,83,L
ply1380,40,22,Midfielder,167,60,L
ply1381,40,53,Midfielder,183,69,
ply1382,40,33,Midfielder,177,70,
ply1383,40,,Midfielder,188,87,L
ply1384,40,79,Midfielder,170,,
ply1385,40,6,Midfielder,182,80,R
ply1386,40,8,Midfielder,180,79,R
ply1387,,74,Midfielder,190,,R
ply1388,40,21,Midfielder,167,64,L
ply1389,40,77,Midfielder,173,70,R
ply1390,40,10,Midfielder,181,78,L
ply1391,40,38,Midfielder,175,70,R
ply1392,40,28,Midfielder,167,58,R
ply1393,40,94,Forward,182,73,R
ply1394,40,20,Forward,181,73,L
ply1395,40,30,Forward,176,73,R
ply1396,40,85,Forward,174,59,L
ply1397,40,11,Forward,183,84,R
ply1398,40,18,Forward,185,73,
ply1399,40,47,Forward,177,75,R
ply1400,40,19,Forward,184,75,R
ply1401,40,17,Forward,183,78,
ply1402,40,,Goalkeeping,,,
ply1403,41,1,Goalkeeper,180,76,R
ply1404,41,16,Goalkeeper,189,77,L
ply1405,41,36,Goalkeeper,189,80,R
ply1406,41,3,Defender,187,77,R
ply1407,41,5,Defender,188,72,R
ply1408,41,4,Defender,187,83,R
ply1409,41,29,Defender,180,70,R
ply1410,41,37,Defender,183,77,R
ply1411,41,23,Defender,183,85,L
ply1412,41,30,Defender,184,76,L
ply1413,41,42,Defender,183,,R
ply1414,41,18,Defender,190,75,L
ply1415,41,31,Midfielder,168,54,R
ply1416,41,7,Midfielder,185,67,R
ply1417,41,8,Midfielder,184,76,L
ply1418,41,6,Midfielder,185,68,R
ply1419,41,22,Midfielder,189,70,L
ply1420,41,77,Midfielder,180,67,R
ply1421,41,39,Midfielder,179,62,L
ply1422,41,10,Midfielder,175,77,R
ply1423,41,21,Midfielder,172,70,R
ply1424,41,34,Midfielder,177,70,R
ply1425,41,41,Midfielder,170,61,L
ply1426,41,27,Midfielder,177,75,R
ply1427,41,32,Forward,174,57,R
ply1428,41,12,Forward,178,72,R
ply1429,41,,Forward,198,89,L
ply1430,41,11,Forward,185,79,R
ply1431,41,17,Forward,173,66,L
ply1432,42,40,Goalkeeper,189,73,R
ply1433,42,50,Goalkeeper,187,76,R
ply1434,42,16,Goalkeeper,196,87,R
ply1435,42,30,Goalkeeper,185,82,R
ply1436,42,1,Goalkeeper,185,76,L
ply1437,42,22,Defender,179,67,R
ply1438,42,33,Defender,186,73,L
ply1439,42,31,Defender,184,,
ply1440,42,25,Defender,173,64,L
ply1441,42,23,Defender,185,78,R
ply1442,42,2,Defender,193,76,R
ply1443,42,5,Defender,186,79,L
ply1444,42,27,Defender,175,71,R
ply1445,42,3,Defender,173,63,L
ply1446,42,15,Defender,190,78,R
ply1447,42,14,Midfielder,178,68,R
ply1448,,,Midfielder,177,,R
ply1449,42,35,Midfielder,173,59,R
ply1450,42,21,Midfielder,179,75,L
ply1451,42,8,Midfielder,183,73,R
ply1452,42,20,Midfielder,175,70,R
ply1453,42,26,Midfielder,188,83,R
ply1454,42,,Midfielder,186,79,
ply1455,42,28,Forward,176,70,R
ply1456,42,11,Forward,171,61,R
ply1457,42,19,Forward,180,72,R
ply1458,42,9,Forward,178,78,R
ply1459,42,10,Forward,174,68,R
ply1460,42,7,Forward,184,73,R
ply1461,,20,Forward,185,81,R
ply1462,,44,Forward,179,73,L
ply1463,,,Forward,184,80,L
ply1464,,8,Midfielder,192,86,R
ply1465,,11,Forward,188,78,R
ply1466,,16,Midfielder,185,78,R
ply1467,,11,Midfielder,177,68,
ply1468,,5,Defender,182,78,
ply1469,,17,Defender,192,90,R
ply1470,,12,Midfielder,184,76,R
ply1471,,10,Forward,172,70,L
ply1472,,11,Forward,175,67,L
ply1473,,11,Midfielder,167,63,
ply1474,,36,Forward,187,88,R
ply1475,,17,Defender,181,82,L
ply1476,,31,Forward,176,75,R
ply1477,,19,Defender,180,75,R
ply1478,,,Forward,191,78,R
ply1479,,17,Arabia,183,83,R
ply1480,,20,Midfielder,182,76,R
ply1481,,26,Midfielder,181,77,L
ply1482,,21,Arabia,183,75,R
ply1483,,17,Defender,185,79,R
ply1484,,10,Forward,174,72,R
ply1485,,8,Midfielder,188,77,R
ply1486,,17,Forward,179,65,R
ply1487,,28,Defender,189,84,R
ply1488,,7,Defender,183,72,R
ply1489,,9,Forward,187,82,R
ply1490,,10,Midfielder,175,71,L
ply1491,,9,Forward,190,80,R
ply1492,,9,Forward,188,86,R
ply1493,,93,Forward,171,69,L
ply1494,,9,Forward,184,76,R
ply1495,,11,Forward,175,71,R
ply1496,,17,Forward,175,69,L
ply1497,,4,Defender,192,85,R
ply1498,,7,Midfielder,183,79,R
ply1499,,26,Forward,175,78,R
ply1500,,5,Midfielder,174,67,R
ply1501,,33,Forward,182,77,
ply1502,,25,Forward,175,67,R
ply1503,,34,Goalkeeper,195,90,R
ply1504,,1,Goalkeeper,194,91,
ply1505,,11,Midfielder,180,71,R
ply1506,,20,Arabia,183,78,L
ply1507,,,Midfielder,179,74,R
ply1508,,7,Forward,179,78,
ply1509,,23,Midfielder,172,66,R
ply1510,,14,Midfielder,188,80,R
ply1511,,14,Midfielder,177,69,L
ply1512,,5,Defender,191,80,L
ply1513,,17,Forward,177,73,R
ply1514,,3,Defender,184,74,R
ply1515,,11,Forward,178,72,R
ply1516,,7,Forward,172,67,R
ply1517,,21,Midfielder,170,70,R
ply1518,,17,Midfielder,176,67,L
ply1519,,19,Forward,195,94,L
ply1520,,10,Midfielder,174,71,L
ply1521,,9,Forward,172,66,
ply1522,,18,Midfielder,178,71,R
ply1523,,33,Defender,176,79,L
ply1524,,31,Defender,177,69,R
ply1525,43,1,Goalkeeper,192,83,R
ply1526,43,36,Goalkeeper,186,84,R
ply1527,43,40,Goalkeeper,190,80,R
ply1528,,,Goalkeeper,188,66,
ply1529,43,5,Defender,185,85,L
ply1530,43,24,Defender,185,80,R
ply1531,43,30,Defender,171,63,R
ply1532,43,3,Defender,183,66,L
ply1533,43,6,Defender,191,79,R
ply1534,43,22,Defender,179,66,L
ply1535,43,4,Defender,195,98,R
ply1536,43,12,Defender,194,85,R
ply1537,43,21,Midfielder,174,60,L
ply1538,43,11,Midfielder,180,73,R
ply1539,43,8,Midfielder,187,83,R
ply1540,43,20,Midfielder,171,68,R
ply1541,43,32,Midfielder,170,58,
ply1542,43,10,Midfielder,183,74,L
ply1543,43,35,Midfielder,182,76,
ply1544,43,25,Midfielder,177,67,R
ply1545,43,29,Midfielder,183,71,L
ply1546,43,27,Midfielder,176,70,R
ply1547,43,38,Forward,184,81,R
ply1548,43,19,Forward,170,67,L
ply1549,43,23,Forward,188,74,R
ply1550,43,7,Forward,177,77,R
ply1551,43,14,Forward,191,85,L
ply1552,43,,Chief,,,
ply1553,43,,Athletic,,,
ply1554,43,,Athletic,,,
ply1555,43,,Athletic,,,
ply1556,43,,Athletic,,,
ply1557,43,,Athletic,,,
ply1558,43,,Rehab,,,
ply1559,43,,Video,,,
ply1560,44,82,Goalkeeper,195,87,R
ply1561,44,1,Goalkeeper,188,81,R
ply1562,44,27,Goalkeeper,202,93,R
ply1563,44,16,Defender,,,L
ply1564,44,16,Defender,189,,R
ply1565,44,15,Defender,186,84,R
ply1566,44,25,Defender,184,75,R
ply1567,44,77,Defender,185,80,R
ply1568,44,44,Defender,192,,R
ply1569,44,19,Defender,195,86,
ply1570,44,6,Defender,185,83,R
ply1571,44,23,Defender,185,81,L
ply1572,44,4,Midfielder,183,70,
ply1573,44,8,Midfielder,167,63,R
ply1574,44,20,Midfielder,170,64,R
ply1575,44,7,Midfielder,182,75,
ply1576,44,33,Midfielder,182,70,R
ply1577,44,,Midfielder,,,
ply1578,44,80,Midfielder,181,70,R
ply1579,44,22,Midfielder,178,72,R
ply1580,44,29,Midfielder,174,60,
ply1581,44,35,Midfielder,182,81,L
ply1582,44,55,Midfielder,174,67,
ply1583,44,38,Midfielder,181,70,R
ply1584,44,31,Forward,173,70,L
ply1585,44,11,Forward,170,68,
ply1586,44,70,Forward,197,87,R
ply1587,44,10,Forward,182,71,R
ply1588,44,17,Forward,179,71,
ply1589,44,18,Forward,180,,R
ply1590,44,72,Forward,190,87,R
ply1591,44,70,Forward,173,69,
ply1592,44,,Goalkeeping,185,78,
ply1593,45,40,Goalkeeper,188,79,R
ply1594,45,33,Goalkeeper,195,88,R
ply1595,45,1,Goalkeeper,186,80,R
ply1596,45,66,Defender,184,82,R
ply1597,45,,Defender,186,,R
ply1598,45,6,Defender,188,78,R
ply1599,45,2,Defender,174,71,R
ply1600,45,55,Defender,197,84,L
ply1601,45,13,Defender,180,72,R
ply1602,45,3,Defender,186,77,L
ply1603,45,4,Defender,188,81,R
ply1604,45,37,Defender,184,82,R
ply1605,45,28,Defender,183,86,R
ply1606,45,5,Midfielder,185,79,R
ply1607,45,10,Midfielder,,,
ply1608,45,31,Midfielder,178,68,R
ply1609,45,36,Midfielder,171,69,L
ply1610,45,7,Midfielder,175,76,R
ply1611,45,14,Midfielder,178,75,L
ply1612,45,27,Midfielder,187,71,R
ply1613,45,8,Midfielder,,,R
ply1614,45,12,Forward,179,75,L
ply1615,45,18,Forward,183,81,R
ply1616,45,11,Forward,187,78,L
ply1617,45,20,Forward,182,78,R
ply1618,45,70,Forward,181,73,R
ply1619,45,99,Forward,179,69,
ply1620,45,9,Forward,193,88,R
ply1621,45,41,Forward,180,,R
ply1622,45,77,Forward,183,79,R
ply1623,46,13,Goalkeeper,197,85,R
ply1624,46,34,Goalkeeper,187,78,R
ply1625,46,1,Goalkeeper,190,74,R
ply1626,46,50,Goalkeeper,188,,L
ply1627,46,90,Defender,189,,R
ply1628,46,42,Defender,184,81,L
ply1629,46,40,Defender,186,71,R
ply1630,46,93,Defender,178,70,R
ply1631,46,72,Defender,179,,R
ply1632,46,2,Defender,178,65,R
ply1633,46,46,Defender,180,74,R
ply1634,46,88,Defender,182,74,L
ply1635,46,25,Defender,185,74,R
ply1636,46,,Defender,190,80,R
ply1637,46,26,Defender,176,70,L
ply1638,46,3,Defender,176,73,L
ply1639,46,11,Midfielder,173,65,L
ply1640,46,81,Midfielder,,,R
ply1641,46,63,Midfielder,,,R
ply1642,46,22,Midfielder,186,77,L
ply1643,46,,Midfielder,170,63,L
ply1644,46,6,Midfielder,176,70,R
ply1645,46,5,Midfielder,166,64,R
ply1646,46,7,Forward,173,71,R
ply1647,46,,Forward,173,69,L
ply1648,46,18,Forward,184,77,R
ply1649,46,,Forward,181,75,R
ply1650,46,10,Forward,169,61,R
ply1651,46,,Forward,177,73,R
ply1652,46,9,Forward,186,83,L
ply1653,46,53,Forward,186,75,R
ply1654,,,Goalkeeper,190,71,R
ply1655,47,40,Goalkeeper,189,83,L
ply1656,,,Goalkeeper,,,
ply1657,47,51,Goalkeeper,,,
ply1658,47,26,Goalkeeper,192,76,R
ply1659,47,5,Defender,174,65,L
ply1660,47,22,Defender,183,75,
ply1661,47,46,Defender,182,80,R
ply1662,47,,Defender,188,88,R
ply1663,47,2,Defender,184,83,L
ply1664,47,3,Defender,183,81,R
ply1665,47,23,Defender,183,73,R
ply1666,47,4,Defender,189,,R
ply1667,47,77,Defender,173,73,R
ply1668,47,25,Defender,181,,L
ply1669,47,10,Midfielder,181,75,
ply1670,,,Midfielder,197,80,R
ply1671,47,34,Midfielder,,,
ply1672,47,25,Midfielder,180,71,R
ply1673,47,15,Midfielder,185,72,R
ply1674,47,8,Midfielder,183,73,R
ply1675,47,17,Midfielder,172,67,R
ply1676,47,,Midfielder,185,71,R
ply1677,47,24,Midfielder,173,64,R
ply1678,47,11,Midfielder,172,64,R
ply1679,47,,Forward,165,,R
ply1680,47,20,Forward,175,,R
ply1681,47,35,Forward,187,78,R
ply1682,47,18,Forward,201,93,R
ply1683,47,28,Forward,168,66,R
ply1684,47,7,Forward,183,78,R
ply1685,47,,Goalkeeping,,,
ply1686,48,1,Goalkeeper,184,81,L
ply1687,48,40,Goalkeeper,191,76,L
ply1688,48,30,Goalkeeper,195,87,R
ply1689,48,35,Goalkeeper,191,81,R
ply1690,48,21,Defender,184,82,R
ply1691,48,2,Defender,184,74,R
ply1692,48,27,Defender,179,76,R
ply1693,48,12,Defender,173,71,L
ply1694,48,20,Defender,179,,R
ply1695,,,Defender,169,,R
ply1696,48,4,Defender,184,73,L
ply1697,48,8,Midfielder,175,70,R
ply1698,48,25,Midfielder,174,63,R
ply1699,48,,Midfielder,178,67,R
ply1700,48,32,Midfielder,166,56,R
ply1701,48,15,Midfielder,180,75,L
ply1702,48,24,Midfielder,176,65,R
ply1703,48,22,Midfielder,188,75,R
ply1704,48,23,Midfielder,177,72,R
ply1705,48,26,Forward,182,66,R
ply1706,48,18,Forward,176,71,
ply1707,48,9,Forward,183,74,R
ply1708,48,91,Forward,176,73,R
ply1709,,,Forward,190,65,R
ply1710,48,7,Forward,185,78,R
ply1711,48,,Goalkeeping,185,78,R
ply1712,48,,Athletic,,,
ply1713,49,31,Republic,,,
ply1714,49,1,Republic,193,81,R
ply1715,49,31,Republic,187,89,R
ply1716,49,28,Republic,188,85,R
ply1717,49,34,Republic,188,,
ply1718,49,18,Republic,175,75,R
ply1719,49,12,Republic,196,90,R
ply1720,49,,Republic,189,77,R
ply1721,49,2,Republic,179,73,R
ply1722,49,30,Republic,189,79,R
ply1723,49,4,Republic,186,77,R
ply1724,49,19,Republic,174,66,L
ply1725,49,21,Republic,175,66,
ply1726,49,3,Republic,180,73,R
ply1727,49,25,Republic,180,76,R
ply1728,49,33,Republic,182,77,R
ply1729,49,49,Republic,,,
ply1730,49,41,Republic,,,
ply1731,49,52,Republic,178,,L
ply1732,49,32,Republic,175,70,R
ply1733,49,8,Republic,179,76,R
ply1734,49,42,Republic,,,
ply1735,49,23,Republic,172,66,R
ply1736,49,45,Republic,,,
ply1737,49,5,Republic,180,76,R
ply1738,49,27,Republic,186,80,R
ply1739,49,53,Republic,176,,
ply1740,49,44,Republic,179,,
ply1741,49,22,Republic,175,73,R
ply1742,49,35,Republic,181,73,R
ply1743,49,15,Republic,182,78,R
ply1744,49,9,Republic,188,77,R
ply1745,49,17,Republic,189,84,L
ply1746,49,26,Republic,185,75,R
ply1747,49,35,Republic,,,
ply1748,49,20,Republic,174,69,R
ply1749,49,11,Republic,181,82,R
ply1750,49,16,Republic,,,
ply1751,49,,Republic,,,
ply1752,50,16,Goalkeeper,188,74,R
ply1753,50,12,Goalkeeper,183,79,R
ply1754,50,1,Goalkeeper,190,82,L
ply1755,50,30,Goalkeeper,192,80,R
ply1756,50,22,Defender,183,83,R
ply1757,50,5,Defender,185,83,L
ply1758,50,3,Defender,190,88,R
ply1759,50,6,Defender,170,67,L
ply1760,50,17,Defender,185,78,L
ply1761,50,55,Defender,184,80,R
ply1762,50,13,Defender,192,87,
ply1763,50,59,Defender,188,76,R
ply1764,50,99,Midfielder,184,78,R
ply1765,50,4,Midfielder,170,68,R
ply1766,50,7,Midfielder,182,74,R
ply1767,50,70,Midfielder,183,70,R
ply1768,50,68,Midfielder,172,64,
ply1769,50,91,Midfielder,181,76,R
ply1770,50,31,Midfielder,182,67,R
ply1771,50,20,Midfielder,177,69,
ply1772,50,77,Forward,183,70,
ply1773,50,11,Forward,175,70,R
ply1774,50,9,Forward,185,78,R
ply1775,50,21,Forward,171,66,L
ply1776,50,81,Forward,172,69,
ply1777,50,18,Forward,181,81,R
ply1778,50,23,Forward,182,75,R
ply1779,50,,Goalkeeping,,,
ply1780,,,Goalkeeper,188,82,R
ply1781,51,20,Goalkeeper,201,93,R
ply1782,51,1,Goalkeeper,188,82,L
ply1783,51,33,Defender,181,76,L
ply1784,51,15,Defender,188,88,R
ply1785,51,2,Defender,186,87,R
ply1786,51,12,Defender,183,79,R
ply1787,51,46,Defender,189,77,R
ply1788,51,34,Defender,186,81,L
ply1789,51,53,Defender,181,70,R
ply1790,51,48,Defender,170,,R
ply1791,51,6,Defender,187,81,R
ply1792,51,24,Defender,184,71,R
ply1793,51,25,Defender,184,73,R
ply1794,51,38,Midfielder,182,78,R
ply1795,51,54,Midfielder,175,64,R
ply1796,51,5,Midfielder,185,81,R
ply1797,51,29,Midfielder,180,68,R
ply1798,51,4,Midfielder,175,70,R
ply1799,51,42,Midfielder,168,60,L
ply1800,51,11,Forward,175,67,L
ply1801,51,10,Forward,188,86,R
ply1802,51,27,Forward,172,70,R
ply1803,51,9,Forward,184,83,R
ply1804,51,19,Forward,178,70,L
ply1805,51,7,Forward,184,78,
ply1806,51,,Goalkeeping,183,72,
ply1807,51,,Athletic,,,
ply1808,51,,Athletic,,,
ply1809,51,,Fitness,,,
ply1810,51,,Technique,,,
ply1811,51,,Technique,175,71,R
ply1812,51,,Technique,,,
ply1813,52,26,Goalkeeper,,,
ply1814,52,13,Goalkeeper,188,75,R
ply1815,52,42,Goalkeeper,184,72,L
ply1816,52,1,Goalkeeper,187,89,R
ply1817,52,,Goalkeeper,185,76,R
ply1818,52,25,Goalkeeper,199,93,L
ply1819,52,38,Defender,193,,R
ply1820,52,24,Defender,183,80,R
ply1821,52,33,Defender,191,,R
ply1822,52,12,Defender,192,78,R
ply1823,52,20,Defender,183,78,R
ply1824,52,5,Defender,187,72,R
ply1825,52,14,Defender,172,66,L
ply1826,52,21,Defender,182,79,L
ply1827,52,34,Defender,181,75,R
ply1828,52,15,Defender,190,90,L
ply1829,52,39,Defender,182,63,R
ply1830,52,2,Defender,179,69,R
ply1831,52,3,Defender,171,64,L
ply1832,52,18,Midfielder,172,62,R
ply1833,52,6,Midfielder,178,65,R
ply1834,52,8,Midfielder,185,73,R
ply1835,52,46,Midfielder,175,,
ply1836,52,4,Midfielder,178,75,R
ply1837,52,17,Midfielder,188,85,R
ply1838,,,Midfielder,185,77,L
ply1839,52,35,Midfielder,192,,R
ply1840,52,7,Forward,184,77,R
ply1841,,,Forward,172,63,
ply1842,52,29,Forward,176,,
ply1843,52,19,Forward,182,76,L
ply1844,52,31,Forward,180,,
ply1845,52,22,Forward,185,78,R
ply1846,52,11,Forward,182,67,L
ply1847,52,16,Forward,178,69,R
ply1848,52,,Goalkeeping,182,78,
ply2174,,9,Forward,187,80,
ply2175,,13,Forward,185,72,L
ply2176,,4,Defender,192,89,R
ply2177,,10,Forward,186,80,R
ply2178,,6,Midfielder,187,78,L
ply2179,,18,Midfielder,178,74,R
ply2180,,27,Forward,180,70,L
ply2181,,8,Midfielder,178,72,L
ply2182,,22,Midfielder,178,70,R
ply2183,,23,Defender,173,63,L
ply2184,,26,Defender,189,85,L
ply2185,,30,Arabia,190,82,R
ply2186,,13,Defender,172,66,R
ply2187,,10,Forward,173,71,R
ply2188,,7,Forward,170,62,R
ply2189,,10,Midfielder,171,63,R
ply2190,,5,Midfielder,173,71,L
ply2191,,8,Midfielder,173,72,L
ply2192,,99,Forward,192,86,R
ply2193,,21,Midfielder,170,67,L
ply2194,,2,Defender,180,71,R
ply2195,,7,Forward,186,81,R
ply2196,,7,Forward,172,64,R
ply2197,,11,Forward,185,82,L
ply2198,,27,Forward,191,84,R
ply2199,,16,Midfielder,178,80,R
ply2200,,,Emirates,189,83,R
ply2201,,8,Midfielder,177,75,R
ply2202,,15,Midfielder,183,76,R
ply2203,,12,Republic,183,80,L
ply2204,,,Forward,192,85,R
ply2205,,8,Midfielder,184,77,R
ply2206,,77,Arabia,181,77,R
ply2207,,77,Forward,167,65,R
ply2208,,25,Midfielder,194,85,R
ply2209,,18,Defender,175,65,
ply2210,,7,Forward,183,73,R
ply2211,,,Forward,187,89,R
ply2212,,14,Defender,189,86,L
ply2213,,17,Midfielder,187,83,R
ply2214,,20,Midfielder,178,75,R
ply2215,61,27,Goalkeeper,193,84,R
ply2216,61,22,Goalkeeper,188,,R
ply2217,61,88,Goalkeeper,,,
ply2218,61,75,Goalkeeper,190,,
ply2219,61,15,Defender,183,72,R
ply2220,61,14,Defender,175,73,R
ply2221,61,,Defender,192,72,L
ply2222,61,3,Defender,167,67,L
ply2223,61,69,Defender,,,
ply2224,61,2,Defender,190,80,R
ply2225,61,16,Defender,181,75,
ply2226,61,42,Defender,171,,L
ply2227,61,17,Midfielder,183,83,L
ply2228,61,,Midfielder,179,,R
ply2229,61,79,Midfielder,,,
ply2230,61,20,Midfielder,180,79,L
ply2231,61,8,Midfielder,178,77,R
ply2232,61,7,Midfielder,171,65,
ply2233,61,25,Midfielder,,,
ply2234,61,70,Midfielder,184,75,
ply2235,61,23,Midfielder,180,74,R
ply2236,61,35,Midfielder,,,
ply2237,61,90,Midfielder,177,64,R
ply2238,61,44,Midfielder,166,66,L
ply2239,61,18,Midfielder,181,,R
ply2240,61,10,Midfielder,171,65,R
ply2241,61,,Forward,178,76,R
ply2242,61,19,Forward,186,,R
ply2243,61,74,Forward,188,,R
ply2244,61,89,Forward,180,,R
ply2245,61,11,Forward,193,82,R
ply2246,61,9,Forward,180,76,
ply2247,61,36,Forward,173,81,R
ply2248,61,21,Forward,175,,R
ply2249,61,,Goalkeeping,,,
ply2250,62,29,Goalkeeper,183,84,R
ply2251,62,1,Goalkeeper,196,91,R
ply2252,62,31,Goalkeeper,196,94,R
ply2253,62,25,Defender,169,65,L
ply2254,62,20,Defender,183,92,R
ply2255,62,41,Defender,172,70,R
ply2256,62,6,Defender,190,86,R
ply2257,62,88,Defender,173,69,R
ply2258,62,56,Defender,178,70,R
ply2259,62,4,Defender,187,83,R
ply2260,62,3,Defender,173,68,L
ply2261,62,57,Defender,188,78,R
ply2262,62,28,Midfielder,192,86,L
ply2263,62,49,Midfielder,175,75,R
ply2264,62,9,Midfielder,174,69,R
ply2265,62,21,Midfielder,171,71,R
ply2266,62,16,Midfielder,180,72,R
ply2267,62,42,Midfielder,178,73,L
ply2268,62,13,Midfielder,174,75,R
ply2269,62,47,Midfielder,193,,R
ply2270,62,33,Midfielder,187,77,L
ply2271,62,35,Midfielder,185,,
ply2272,62,14,Midfielder,185,75,
ply2273,62,11,Forward,168,,R
ply2274,62,8,Forward,170,63,R
ply2275,62,7,Forward,186,86,R
ply2276,62,17,Forward,175,60,
ply2277,62,38,Forward,173,67,R
ply2278,62,,Goalkeeping,188,76,
ply2279,63,16,Goalkeeper,183,84,R
ply2280,63,13,Goalkeeper,188,82,R
ply2281,63,15,Defender,190,86,R
ply2282,63,4,Defender,191,83,R
ply2283,63,,Defender,186,76,L
ply2284,63,3,Defender,180,73,L
ply2285,63,5,Defender,185,79,R
ply2286,63,21,Defender,180,68,R
ply2287,63,22,Defender,179,70,R
ply2288,63,28,Defender,177,74,L
ply2289,63,23,Midfielder,190,83,L
ply2290,63,40,Midfielder,178,74,
ply2291,63,8,Midfielder,181,68,L
ply2292,63,18,Midfielder,183,72,R
ply2293,63,20,Midfielder,183,80,R
ply2294,63,42,Midfielder,178,77,R
ply2295,63,38,Midfielder,183,70,R
ply2296,63,34,Midfielder,172,72,R
ply2297,63,9,Forward,185,79,
ply2298,63,10,Forward,180,80,R
ply2299,63,14,Forward,193,85,
ply2300,63,30,Forward,183,62,R
ply2301,,,Forward,189,77,L
ply2302,63,7,Forward,181,75,R
ply2303,63,27,Forward,184,78,R
ply2304,63,26,Forward,180,72,R
ply2305,63,11,Forward,193,93,R
ply2306,63,24,Forward,180,77,R
ply2307,63,17,Forward,185,80,L
ply2308,64,1,Goalkeeper,188,76,R
ply2309,64,21,Goalkeeper,193,87,R
ply2310,64,51,Goalkeeper,,,R
ply2311,64,22,Goalkeeper,188,80,R
ply2312,64,24,Defender,,,R
ply2313,64,5,Defender,180,74,L
ply2314,64,4,Defender,184,69,R
ply2315,64,33,Defender,188,79,L
ply2316,64,19,Defender,183,,L
ply2317,64,15,Defender,178,67,L
ply2318,64,2,Defender,183,76,R
ply2319,64,6,Defender,190,81,L
ply2320,64,18,Defender,183,82,R
ply2321,64,30,Midfielder,184,71,R
ply2322,64,10,Midfielder,175,67,R
ply2323,64,27,Midfielder,,,R
ply2324,64,17,Midfielder,174,60,L
ply2325,64,25,Midfielder,178,,R
ply2326,64,8,Midfielder,177,71,R
ply2327,64,20,Midfielder,188,,R
ply2328,64,9,Forward,174,66,R
ply2329,64,11,Forward,174,74,L
ply2330,64,29,Forward,183,69,L
ply2331,64,14,Forward,167,,R
ply2332,64,7,Forward,180,78,R
ply2333,64,23,Forward,184,75,L
ply2334,64,,Goalkeeping,,,
ply2335,64,,Individual,183,71,L
ply2336,64,,Video,,,
ply2337,65,81,Goalkeeper,186,76,R
ply2338,65,1,Goalkeeper,192,96,R
ply2339,65,59,Goalkeeper,,,
ply2340,65,52,Goalkeeper,191,,R
ply2341,65,40,Defender,175,71,L
ply2342,65,25,Defender,186,81,L
ply2343,65,42,Defender,177,71,L
ply2344,65,22,Defender,174,70,R
ply2345,65,32,Defender,192,88,R
ply2346,65,,Defender,,,
ply2347,65,12,Defender,176,74,R
ply2348,65,23,Defender,193,87,R
ply2349,65,20,Defender,186,82,R
ply2350,65,29,Defender,179,76,R
ply2351,65,16,Midfielder,179,,R
ply2352,65,8,Midfielder,182,78,R
ply2353,65,21,Midfielder,182,,R
ply2354,65,97,Midfielder,,,
ply2355,65,7,Midfielder,187,83,R
ply2356,65,55,Midfielder,,,
ply2357,65,6,Midfielder,183,75,R
ply2358,65,15,Midfielder,171,69,R
ply2359,65,11,Midfielder,182,75,R
ply2360,65,44,Midfielder,189,77,R
ply2361,65,14,Midfielder,193,80,R
ply2362,65,18,Forward,187,82,L
ply2363,65,17,Forward,175,68,R
ply2364,65,30,Forward,187,75,R
ply2365,65,31,Forward,178,,L
ply2366,65,13,Forward,183,77,R
ply2367,65,90,Forward,,,
ply2368,65,77,Forward,185,81,R
ply2369,66,94,Goalkeeper,,,
ply2370,66,23,Goalkeeper,196,85,L
ply2371,66,1,Goalkeeper,188,82,R
ply2372,66,89,Goalkeeper,192,,R
ply2373,66,27,Defender,,,L
ply2374,66,30,Defender,179,,R
ply2375,66,55,Defender,185,,R
ply2376,66,4,Defender,191,75,R
ply2377,66,81,Defender,185,,L
ply2378,66,5,Defender,175,71,R
ply2379,66,13,Defender,190,,R
ply2380,66,29,Defender,180,75,R
ply2381,66,90,Midfielder,,,
ply2382,66,90,Midfielder,,,
ply2383,66,44,Midfielder,,,L
ply2384,66,,Midfielder,170,60,L
ply2385,66,18,Midfielder,,,R
ply2386,66,6,Midfielder,193,81,R
ply2387,66,20,Midfielder,170,65,L
ply2388,66,15,Midfielder,177,75,R
ply2389,66,19,Midfielder,178,70,R
ply2390,66,2,Midfielder,177,,
ply2391,66,7,Midfielder,177,68,L
ply2392,66,8,Forward,172,67,L
ply2393,66,11,Forward,182,73,R
ply2394,66,22,Forward,183,,R
ply2395,66,77,Forward,187,77,R
ply2396,66,10,Forward,180,75,R
ply2397,67,26,Goalkeeper,186,84,R
ply2398,67,30,Goalkeeper,188,86,L
ply2399,67,98,Goalkeeper,,,
ply2400,67,16,Goalkeeper,193,75,R
ply2401,67,56,Defender,191,,R
ply2402,67,3,Defender,185,78,L
ply2403,67,4,Defender,188,77,L
ply2404,67,47,Defender,184,74,R
ply2405,67,62,Defender,183,75,R
ply2406,67,,Defender,178,,L
ply2407,67,54,Defender,177,64,R
ply2408,67,24,Midfielder,176,,
ply2409,67,46,Midfielder,168,70,R
ply2410,67,61,Midfielder,168,60,R
ply2411,67,18,Midfielder,182,72,R
ply2412,67,21,Midfielder,182,76,R
ply2413,67,55,Midfielder,182,62,R
ply2414,67,71,Midfielder,180,70,L
ply2415,67,,Midfielder,184,79,R
ply2416,67,11,Midfielder,175,70,R
ply2417,67,27,Midfielder,,,
ply2418,67,29,Midfielder,183,77,R
ply2419,67,25,Midfielder,174,70,L
ply2420,67,10,Midfielder,172,69,R
ply2421,67,7,Forward,170,65,R
ply2422,67,32,Forward,182,64,
ply2423,,,Forward,170,,R
ply2424,67,70,Forward,187,79,R
ply2425,67,99,Forward,185,75,R
ply2426,67,9,Forward,172,67,R
ply2427,68,98,Goalkeeper,187,81,L
ply2428,68,57,Goalkeeper,190,85,R
ply2429,68,31,Goalkeeper,190,85,L
ply2430,68,95,Goalkeeper,185,81,R
ply2431,68,23,Defender,188,80,R
ply2432,68,14,Defender,188,86,L
ply2433,68,83,Defender,,,L
ply2434,68,5,Defender,174,70,L
ply2435,68,29,Defender,184,75,R
ply2436,68,32,Defender,190,83,R
ply2437,68,92,Defender,180,73,R
ply2438,68,13,Defender,173,75,L
ply2439,68,97,Midfielder,185,72,R
ply2440,68,22,Midfielder,187,78,R
ply2441,68,82,Midfielder,182,80,R
ply2442,68,68,Midfielder,184,74,R
ply2443,68,35,Midfielder,187,80,R
ply2444,68,8,Midfielder,177,79,R
ply2445,68,25,Midfielder,174,64,R
ply2446,68,18,Midfielder,182,73,R
ply2447,68,47,Midfielder,185,78,R
ply2448,68,87,Midfielder,,,R
ply2449,68,9,Forward,184,80,
ply2450,68,70,Forward,188,81,R
ply2451,68,11,Forward,192,85,R
ply2452,68,76,Forward,176,70,R
ply2453,68,7,Forward,195,85,R
ply2454,68,17,Forward,170,60,R
ply2455,,14,Forward,169,66,L
ply2456,,27,Arabia,180,75,R
ply2457,,75,Forward,182,74,R
ply2458,,10,Forward,182,74,R
ply2459,,9,Forward,186,72,R
ply2460,,15,Defender,178,79,L
ply2461,,7,Midfielder,182,76,L
ply2462,,6,Midfielder,179,70,R
ply2463,,10,Midfielder,177,73,R
ply2464,,28,Defender,176,70,L
ply2465,,24,Forward,178,70,R
ply2466,,33,Defender,189,77,R
ply2467,,3,Defender,182,74,L
ply2468,,33,Defender,172,70,R
ply2469,,3,Defender,180,70,L
ply2470,,10,Forward,167,66,L
ply2471,,10,Midfielder,180,80,R
ply2472,,17,Midfielder,183,75,R
ply2473,,94,Midfielder,178,72,R
ply2474,,4,Midfielder,179,76,R
ply2475,,15,Forward,179,72,
ply2476,,,Forward,183,,L
ply2477,,23,Defender,189,86,R
ply2478,,17,Defender,195,90,R
ply2479,,10,Defender,175,72,L
ply2480,,8,Midfielder,171,68,
ply2481,,17,Midfielder,179,84,R
ply2482,,43,Defender,188,82,L
ply2483,,27,Defender,178,74,L
ply2484,,10,Midfielder,178,73,L
ply2485,,28,Forward,196,78,R
ply2486,,8,Midfielder,185,79,R
ply2487,,6,Midfielder,178,66,R
ply2488,,18,Defender,176,65,L
ply2489,,39,Forward,172,69,R
ply2490,,10,Midfielder,178,72,R
ply2491,,8,Midfielder,175,80,R
ply2492,,10,Midfielder,187,87,L
ply2493,,24,Defender,176,69,R
ply2494,,35,Forward,177,75,R
ply2495,,8,Midfielder,182,82,R
ply2496,,10,Forward,184,78,R
ply2497,,10,Arabia,174,71,R
ply2498,,27,Forward,183,75,R
ply2499,,19,Midfielder,185,78,R
ply2500,,10,Midfielder,184,79,L
ply2501,,16,Forward,183,80,R
ply2502,,34,Midfielder,185,70,R
ply2503,,,Forward,164,54,R
ply2504,,2,Defender,182,74,R
ply2505,,14,Midfielder,185,80,R
ply2506,,94,Arabia,188,74,R
ply2507,,10,Forward,185,79,R
ply2508,,18,Forward,186,84,L
ply2509,,8,Midfielder,176,72,
ply2510,,9,Arabia,184,82,R
ply2511,,19,Defender,183,75,
ply2512,,9,Forward,177,72,R
ply2513,,11,Forward,174,68,L
ply2514,,28,Midfielder,170,61,R
ply2515,,16,Defender,173,73,R
ply2516,,21,Defender,175,70,R
ply2517,,,Defender,184,77,R
ply2518,,15,Defender,190,80,R
ply2519,,,Forward,178,75,R
ply2520,,,Emirates,190,81,L
ply2521,,10,Midfielder,175,68,
ply2522,,23,Defender,186,81,R
ply2523,,19,Forward,182,73,R
ply2524,,,Defender,183,73,L
ply2525,,9,Forward,178,73,R
ply2526,,8,Midfielder,187,78,L
ply2527,,77,Defender,175,75,R
ply2528,,,Forward,172,72,R
ply2529,69,31,Goalkeeper,193,76,R
ply2530,69,1,Goalkeeper,190,77,R
ply2531,69,30,Goalkeeper,191,88,R
ply2532,69,17,Defender,171,67,R
ply2533,69,6,Defender,190,78,L
ply2534,69,16,Defender,189,81,R
ply2535,69,12,Defender,192,87,R
ply2536,69,96,Defender,185,,L
ply2537,69,18,Defender,188,84,R
ply2538,69,4,Defender,186,77,R
ply2539,69,44,Midfielder,178,62,R
ply2540,69,85,Midfielder,171,,L
ply2541,69,25,Midfielder,179,70,R
ply2542,69,23,Midfielder,183,67,R
ply2543,69,83,Midfielder,,,L
ply2544,69,8,Midfielder,178,68,L
ply2545,69,7,Midfielder,178,65,L
ply2546,69,72,Midfielder,176,70,R
ply2547,69,10,Midfielder,182,76,R
ply2548,69,34,Midfielder,186,82,L
ply2549,69,11,Forward,178,75,R
ply2550,69,27,Forward,175,76,L
ply2551,69,24,Forward,175,71,R
ply2552,69,14,Forward,180,73,R
ply2553,69,,Goalkeeping,175,,
ply2554,69,,Fitness,,,
ply2555,69,,Fitness,,,
ply2556,69,,Fitness,,,
ply2557,69,,Technique,,,
ply2558,69,,Game,,,
ply2559,69,,Game,180,65,
ply2560,69,,Video,,,
ply2561,70,41,Goalkeeper,198,,R
ply2562,70,1,Goalkeeper,195,80,R
ply2563,70,21,Goalkeeper,188,84,R
ply2564,70,51,Goalkeeper,184,82,R
ply2565,70,22,Defender,180,73,R
ply2566,70,20,Defender,186,75,L
ply2567,70,2,Defender,182,78,R
ply2568,70,19,Defender,,,R
ply2569,70,5,Defender,192,80,R
ply2570,70,34,Defender,,,L
ply2571,70,27,Defender,,,L
ply2572,70,6,Defender,179,74,L
ply2573,70,3,Defender,189,81,R
ply2574,70,23,Midfielder,163,,L
ply2575,70,40,Midfielder,173,,L
ply2576,70,33,Midfielder,177,65,R
ply2577,70,30,Midfielder,180,,R
ply2578,70,8,Midfielder,184,,L
ply2579,70,12,Midfielder,188,80,R
ply2580,70,17,Midfielder,182,72,R
ply2581,70,35,Midfielder,188,,R
ply2582,70,10,Midfielder,182,65,
ply2583,70,11,Forward,185,85,R
ply2584,70,14,Forward,195,91,L
ply2585,70,15,Forward,180,71,R
ply2586,70,29,Forward,188,88,L
ply2587,70,18,Forward,186,,L
ply2588,70,,Goalkeeping,185,85,R
ply2589,70,,Fitness,180,74,
ply2590,71,1,Goalkeeper,192,80,R
ply2591,71,68,Goalkeeper,187,75,R
ply2592,71,30,Goalkeeper,199,90,R
ply2593,71,78,Goalkeeper,190,80,R
ply2594,71,28,Defender,180,73,L
ply2595,71,24,Defender,178,69,R
ply2596,71,87,Defender,180,70,R
ply2597,71,92,Defender,180,70,R
ply2598,71,29,Defender,185,73,L
ply2599,71,55,Defender,190,80,R
ply2600,71,71,Defender,180,71,L
ply2601,71,18,Defender,187,74,R
ply2602,71,45,Defender,185,81,R
ply2603,71,12,Defender,178,76,
ply2604,71,5,Defender,180,73,R
ply2605,71,19,Midfielder,169,63,R
ply2606,71,15,Midfielder,178,68,R
ply2607,71,60,Midfielder,176,65,R
ply2608,71,,Midfielder,182,74,L
ply2609,71,8,Midfielder,175,70,R
ply2610,71,38,Midfielder,180,73,R
ply2611,71,47,Midfielder,183,72,L
ply2612,71,69,Forward,189,82,R
ply2613,71,27,Forward,193,91,R
ply2614,71,77,Forward,180,69,L
ply2615,71,89,Forward,185,79,
ply2616,71,7,Forward,183,74,R
ply2617,71,88,Forward,178,70,R
ply2618,71,,Forward,186,75,R
ply2619,71,23,Forward,170,63,R
ply2620,72,30,Goalkeeper,190,77,L
ply2621,72,31,Goalkeeper,192,80,
ply2622,72,19,Goalkeeper,195,83,R
ply2623,72,1,Goalkeeper,191,80,L
ply2624,72,55,Defender,189,78,R
ply2625,72,6,Defender,174,64,R
ply2626,72,25,Defender,180,65,L
ply2627,72,17,Defender,185,74,
ply2628,72,,Defender,178,70,R
ply2629,72,29,Defender,184,79,R
ply2630,72,5,Defender,175,72,L
ply2631,72,8,Midfielder,185,79,R
ply2632,72,16,Midfielder,183,77,R
ply2633,72,27,Midfielder,174,75,L
ply2634,72,67,Midfielder,179,62,R
ply2635,72,63,Midfielder,184,74,R
ply2636,72,62,Midfielder,193,92,R
ply2637,72,99,Midfielder,179,70,R
ply2638,72,18,Midfielder,182,73,R
ply2639,72,28,Forward,177,72,R
ply2640,72,19,Forward,176,70,R
ply2641,72,97,Forward,177,57,
ply2642,72,9,Forward,191,87,R
ply2643,72,20,Forward,180,75,
ply2644,72,11,Forward,173,68,
ply2645,72,39,Forward,183,78,
ply2646,72,22,Forward,174,64,
ply2647,72,77,Forward,170,58,
ply2648,72,86,Forward,183,,
ply2649,72,13,Forward,186,77,R
ply2650,73,31,Goalkeeper,191,80,R
ply2651,73,,Goalkeeper,189,84,R
ply2652,73,1,Goalkeeper,191,88,R
ply2653,73,5,Defender,179,85,L
ply2654,73,6,Defender,188,77,
ply2655,73,3,Defender,187,84,R
ply2656,73,2,Defender,183,80,R
ply2657,73,4,Defender,187,82,R
ply2658,73,33,Defender,181,68,L
ply2659,73,23,Defender,199,98,
ply2660,73,11,Midfielder,175,74,R
ply2661,73,18,Midfielder,186,79,R
ply2662,73,7,Midfielder,182,66,R
ply2663,73,34,Midfielder,187,68,R
ply2664,73,22,Midfielder,178,70,L
ply2665,73,10,Midfielder,175,73,R
ply2666,73,24,Midfielder,167,73,R
ply2667,73,25,Midfielder,183,74,R
ply2668,73,26,Midfielder,181,78,R
ply2669,73,42,Midfielder,188,82,R
ply2670,73,17,Forward,178,72,R
ply2671,73,14,Forward,185,82,L
ply2672,73,9,Forward,179,76,R
ply2673,73,,Goalkeeping,188,74,
ply2674,73,,Fitness,,,
ply2675,73,,Chief,,,
ply2676,74,67,Goalkeeper,,,
ply2677,74,1,Goalkeeper,197,82,R
ply2678,74,12,Goalkeeper,191,81,R
ply2679,74,4,Defender,168,65,R
ply2680,74,79,Defender,176,,R
ply2681,74,91,Defender,185,,
ply2682,74,21,Defender,184,69,R
ply2683,74,3,Defender,181,70,
ply2684,74,32,Defender,193,80,R
ply2685,74,23,Defender,180,75,R
ply2686,74,5,Defender,186,79,
ply2687,74,24,Defender,190,85,R
ply2688,74,16,Defender,176,,R
ply2689,74,95,Midfielder,172,68,
ply2690,74,8,Midfielder,174,69,R
ply2691,74,75,Midfielder,170,,
ply2692,74,14,Midfielder,,,L
ply2693,74,20,Midfielder,174,68,R
ply2694,74,30,Midfielder,178,78,R
ply2695,74,6,Midfielder,188,81,R
ply2696,74,64,Midfielder,180,,R
ply2697,74,82,Midfielder,170,,R
ply2698,74,90,Forward,169,68,
ply2699,74,11,Forward,179,74,R
ply2700,74,17,Forward,171,68,R
ply2701,74,74,Forward,,,
ply2702,74,38,Forward,167,,
ply2703,74,73,Forward,170,66,
ply2704,74,37,Forward,172,69,R
ply2705,74,9,Forward,188,85,R
ply2706,74,10,Forward,180,72,R
ply2707,,21,Forward,175,65,R
ply2708,,,Midfielder,177,70,R
ply2709,,32,Forward,175,68,
ply2710,,25,Defender,168,65,L
ply2711,,19,Midfielder,168,65,
ply2712,,15,Forward,180,82,L
ply2713,,,Forward,167,67,R
ply2714,,28,Forward,180,81,L
ply2715,,17,Forward,183,75,R
ply2716,,3,Defender,180,70,L
ply2717,,10,Forward,173,70,
ply2718,,37,Midfielder,176,70,R
ply2719,,17,Forward,179,68,R
ply2720,,23,Forward,186,81,L
ply2721,,15,Midfielder,183,80,R
ply2722,,10,Forward,172,75,R
ply2723,,9,Forward,188,81,R
ply2724,,9,Forward,175,73,R
ply2725,,28,Forward,185,80,R
ply2726,,22,Defender,177,70,R
ply2727,,9,Forward,175,69,R
ply2728,,16,Midfielder,182,75,R
ply2729,,14,Forward,183,78,R
ply2730,,18,Midfielder,186,80,R
ply2731,,14,Forward,175,73,R
ply2732,,,Forward,191,87,R
ply2733,,9,Forward,180,73,R
ply2734,,80,Midfielder,181,74,R
ply2735,,11,Forward,171,71,L
ply2736,,3,Defender,184,73,R
ply2737,,10,Rica,187,81,L
ply2738,,23,Emirates,175,75,R
ply2739,,30,Midfielder,190,87,R
ply2740,,14,Midfielder,187,83,R
ply2741,,20,Forward,186,78,R
ply2742,,28,Defender,191,86,R
ply2743,,12,Midfielder,174,70,L
ply2744,,,Midfielder,174,68,R
ply2745,,99,Forward,191,83,R
ply2746,,24,Defender,183,77,R
ply2747,,18,Forward,178,72,R
ply2748,,31,Forward,180,79,
ply2749,,25,Defender,183,82,R
ply2750,,24,Defender,188,81,L
ply2751,,,Midfielder,179,70,R
ply2752,,19,Forward,187,84,R
ply2753,,17,Defender,181,76,L
ply2754,,13,Defender,191,79,R
ply2755,,13,Forward,188,83,R
ply2756,,9,Forward,183,70,R
ply2757,,30,Forward,174,70,
ply2758,,22,Defender,187,89,L
ply2759,,7,Defender,172,78,R
ply2760,,12,Midfielder,173,73,R
ply2761,,10,Arabia,173,69,R
ply2762,,25,Defender,177,70,R
ply2763,,7,Forward,185,78,R
ply2764,,88,Midfielder,196,89,R
ply2765,,99,Midfielder,184,84,R
ply2766,,14,Forward,186,82,R
ply2767,,19,Forward,183,79,R
ply2768,,37,Defender,182,70,R
ply2769,,14,Defender,187,85,L
